"Date","Price","Open","High","Low","Vol.","Change %"
"03/01/2024","27,800.0","28,000.0","28,000.0","27,550.0","10.19M","-0.71%"
"02/29/2024","28,000.0","28,100.0","28,250.0","27,700.0","9.95M","0.00%"
"02/28/2024","28,000.0","27,650.0","28,000.0","27,550.0","10.46M","1.45%"
"02/27/2024","27,600.0","27,700.0","27,700.0","27,350.0","12.05M","0.36%"
"02/26/2024","27,500.0","27,300.0","27,700.0","27,100.0","9.79M","0.00%"
"02/23/2024","27,500.0","27,700.0","28,400.0","27,300.0","25.98M","-0.54%"
"02/22/2024","27,650.0","27,700.0","27,750.0","27,500.0","7.40M","-0.18%"
"02/21/2024","27,700.0","27,500.0","27,900.0","27,400.0","10.25M","0.54%"
"02/20/2024","27,550.0","27,500.0","27,750.0","27,350.0","7.32M","-0.54%"
"02/19/2024","27,700.0","27,700.0","27,700.0","27,200.0","11.86M","0.36%"
"02/16/2024","27,600.0","27,500.0","27,600.0","27,300.0","9.50M","1.47%"
"02/15/2024","27,200.0","28,050.0","28,400.0","27,200.0","14.24M","-2.86%"
"02/07/2024","28,000.0","27,850.0","28,200.0","27,850.0","11.89M","0.54%"
"02/06/2024","27,850.0","27,850.0","27,900.0","27,650.0","5.45M","0.18%"
"02/05/2024","27,800.0","26,250.0","28,000.0","26,150.0","28.12M","5.90%"
"02/02/2024","26,250.0","25,950.0","26,300.0","25,850.0","14.53M","0.96%"
"02/01/2024","26,000.0","25,700.0","26,100.0","25,700.0","6.28M","0.97%"
"01/31/2024","25,750.0","26,100.0","26,100.0","25,550.0","12.16M","-0.77%"
"01/30/2024","25,950.0","26,050.0","26,200.0","25,900.0","6.38M","0.00%"
"01/29/2024","25,950.0","26,500.0","26,500.0","25,950.0","9.28M","-1.33%"
"01/26/2024","26,300.0","25,850.0","26,400.0","25,850.0","6.86M","1.94%"
"01/25/2024","25,800.0","25,850.0","25,900.0","25,600.0","5.09M","0.00%"
"01/24/2024","25,800.0","26,050.0","26,100.0","25,700.0","11.34M","-0.96%"
"01/23/2024","26,050.0","26,250.0","26,450.0","26,050.0","11.73M","-0.95%"
"01/22/2024","26,300.0","26,200.0","26,300.0","25,800.0","12.00M","1.35%"
"01/19/2024","25,950.0","25,800.0","25,950.0","25,650.0","12.77M","1.37%"
"01/18/2024","25,600.0","25,450.0","25,750.0","25,350.0","9.61M","0.79%"
"01/17/2024","25,400.0","25,450.0","25,800.0","25,350.0","9.71M","0.00%"
"01/16/2024","25,400.0","25,400.0","25,550.0","25,050.0","12.38M","0.40%"
"01/15/2024","25,300.0","26,000.0","26,000.0","25,300.0","11.72M","-1.94%"
"01/12/2024","25,800.0","25,150.0","26,200.0","25,050.0","25.56M","2.18%"
"01/11/2024","25,250.0","25,400.0","25,750.0","25,150.0","9.93M","0.00%"
"01/10/2024","25,250.0","25,200.0","25,500.0","25,000.0","17.60M","1.00%"
"01/09/2024","25,000.0","25,250.0","25,350.0","24,950.0","15.45M","-1.38%"
"01/08/2024","25,350.0","25,700.0","25,750.0","25,200.0","12.39M","-0.39%"
"01/05/2024","25,450.0","25,300.0","25,450.0","25,050.0","9.27M","0.59%"
"01/04/2024","25,300.0","25,200.0","25,650.0","25,100.0","23.59M","1.20%"
"01/03/2024","25,000.0","24,500.0","25,000.0","24,250.0","9.80M","2.25%"
"01/02/2024","24,450.0","23,950.0","24,750.0","23,950.0","13.88M","2.30%"
"12/29/2023","23,900.0","23,900.0","24,100.0","23,800.0","9.20M","0.63%"
"12/28/2023","23,750.0","23,300.0","23,950.0","23,300.0","10.51M","1.93%"
"12/27/2023","23,300.0","23,200.0","23,400.0","23,200.0","4.87M","0.22%"
"12/26/2023","23,250.0","23,400.0","23,400.0","23,250.0","5.73M","-0.43%"
"12/25/2023","23,350.0","23,250.0","23,450.0","23,200.0","7.58M","0.65%"
"12/22/2023","23,200.0","23,200.0","23,300.0","23,200.0","4.51M","-0.22%"
"12/21/2023","23,250.0","23,200.0","23,250.0","23,050.0","7.08M","0.22%"
"12/20/2023","23,200.0","23,050.0","23,250.0","23,050.0","8.86M","0.65%"
"12/19/2023","23,050.0","22,800.0","23,100.0","22,800.0","11.47M","1.10%"
"12/18/2023","22,800.0","22,700.0","22,800.0","22,650.0","6.39M","0.22%"
"12/15/2023","22,750.0","22,600.0","22,850.0","22,550.0","6.19M","1.11%"
"12/14/2023","22,500.0","22,400.0","22,750.0","22,300.0","6.95M","0.90%"
"12/13/2023","22,300.0","22,500.0","22,550.0","22,300.0","3.93M","-0.89%"
"12/12/2023","22,500.0","22,450.0","22,500.0","22,300.0","3.23M","0.45%"
"12/11/2023","22,400.0","22,450.0","22,500.0","22,250.0","2.27M","0.00%"
"12/08/2023","22,400.0","22,400.0","22,550.0","22,300.0","3.81M","0.00%"
"12/07/2023","22,400.0","22,300.0","22,500.0","22,200.0","7.24M","0.45%"
"12/06/2023","22,300.0","22,150.0","22,300.0","22,000.0","2.79M","0.68%"
"12/05/2023","22,150.0","22,300.0","22,450.0","22,050.0","3.56M","-0.67%"
"12/04/2023","22,300.0","22,050.0","22,450.0","22,000.0","9.04M","1.59%"
"12/01/2023","21,950.0","22,150.0","22,150.0","21,750.0","5.73M","0.00%"
"11/30/2023","21,950.0","22,050.0","22,300.0","21,950.0","5.24M","-0.45%"
"11/29/2023","22,050.0","22,000.0","22,350.0","22,000.0","4.83M","0.68%"
"11/28/2023","21,900.0","21,900.0","22,100.0","21,700.0","4.19M","0.23%"
"11/27/2023","21,850.0","22,050.0","22,100.0","21,850.0","3.26M","-0.91%"
"11/24/2023","22,050.0","22,300.0","22,300.0","21,800.0","7.90M","-0.68%"
"11/23/2023","22,200.0","22,700.0","22,750.0","22,200.0","5.18M","-2.20%"
"11/22/2023","22,700.0","22,500.0","22,750.0","22,350.0","4.39M","0.44%"
"11/21/2023","22,600.0","22,650.0","22,800.0","22,500.0","3.71M","0.44%"
"11/20/2023","22,500.0","22,400.0","22,950.0","22,150.0","10.21M","-0.88%"
"11/17/2023","22,700.0","23,400.0","23,400.0","22,550.0","12.35M","-2.58%"
"11/16/2023","23,300.0","23,250.0","23,400.0","23,100.0","8.08M","0.22%"
"11/15/2023","23,250.0","23,000.0","23,500.0","22,950.0","32.33M","2.42%"
"11/14/2023","22,700.0","22,450.0","22,900.0","22,450.0","10.30M","1.11%"
"11/13/2023","22,450.0","22,450.0","22,600.0","22,200.0","3.42M","0.22%"
"11/10/2023","22,400.0","22,400.0","22,600.0","22,250.0","5.05M","-0.67%"
"11/09/2023","22,550.0","22,900.0","22,900.0","22,550.0","4.76M","-1.10%"
"11/08/2023","22,800.0","22,100.0","22,900.0","22,050.0","7.91M","3.17%"
"11/07/2023","22,100.0","22,100.0","22,250.0","22,100.0","2.33M","-0.45%"
"11/06/2023","22,200.0","22,200.0","22,350.0","22,100.0","3.79M","0.68%"
"11/03/2023","22,050.0","22,300.0","22,400.0","22,050.0","4.89M","-1.12%"
"11/02/2023","22,300.0","21,750.0","22,300.0","21,600.0","5.15M","3.24%"
"11/01/2023","21,600.0","21,400.0","21,650.0","21,350.0","4.83M","0.93%"
"10/31/2023","21,400.0","21,350.0","21,550.0","21,250.0","3.49M","0.47%"
"10/30/2023","21,300.0","21,600.0","21,650.0","21,300.0","3.86M","-1.16%"
"10/27/2023","21,550.0","21,450.0","21,700.0","21,200.0","3.18M","2.13%"
"10/26/2023","21,100.0","21,750.0","21,750.0","20,950.0","12.59M","-3.65%"
"10/25/2023","21,900.0","22,200.0","22,250.0","21,900.0","2.49M","0.00%"
"10/24/2023","21,900.0","21,950.0","22,100.0","21,800.0","2.55M","0.46%"
"10/23/2023","21,800.0","22,100.0","22,100.0","21,700.0","2.40M","-0.46%"
"10/20/2023","21,900.0","21,800.0","22,100.0","21,800.0","3.67M","0.46%"
"10/19/2023","21,800.0","22,050.0","22,150.0","21,800.0","6.21M","-1.13%"
"10/18/2023","22,050.0","22,450.0","22,450.0","22,050.0","6.21M","-1.78%"
"10/17/2023","22,450.0","22,600.0","22,650.0","22,450.0","3.66M","-0.66%"
"10/16/2023","22,600.0","22,550.0","22,700.0","22,400.0","4.22M","-0.22%"
"10/13/2023","22,650.0","22,600.0","22,700.0","22,500.0","4.69M","-0.22%"
"10/12/2023","22,700.0","22,700.0","22,900.0","22,500.0","5.63M","0.00%"
"10/11/2023","22,700.0","22,800.0","22,800.0","22,550.0","2.84M","-0.44%"
"10/10/2023","22,800.0","22,500.0","22,850.0","22,500.0","6.54M","1.33%"
"10/09/2023","22,500.0","21,700.0","22,550.0","21,700.0","8.98M","3.21%"
"10/06/2023","21,800.0","21,600.0","21,900.0","21,550.0","2.44M","0.93%"
"10/05/2023","21,600.0","21,750.0","21,950.0","21,600.0","3.35M","0.00%"
"10/04/2023","21,600.0","21,550.0","21,700.0","21,500.0","3.18M","0.00%"
"10/03/2023","21,600.0","21,800.0","21,900.0","21,600.0","5.51M","-1.37%"
"10/02/2023","21,900.0","21,800.0","21,950.0","21,700.0","3.81M","0.23%"
"09/29/2023","21,850.0","21,800.0","22,050.0","21,800.0","2.34M","0.46%"
"09/28/2023","21,750.0","21,850.0","22,000.0","21,700.0","4.99M","-1.14%"
"09/27/2023","22,000.0","21,900.0","22,000.0","21,750.0","5.69M","0.46%"
"09/26/2023","21,900.0","22,050.0","22,250.0","21,850.0","9.40M","-0.45%"
"09/25/2023","22,000.0","22,300.0","22,350.0","22,000.0","7.62M","-1.35%"
"09/22/2023","22,300.0","22,200.0","22,500.0","22,100.0","9.79M","-0.45%"
"09/21/2023","22,400.0","22,400.0","22,550.0","22,350.0","5.43M","-0.22%"
"09/20/2023","22,450.0","22,300.0","22,550.0","22,250.0","5.29M","0.67%"
"09/19/2023","22,300.0","22,450.0","22,600.0","22,250.0","8.08M","-0.67%"
"09/18/2023","22,450.0","22,600.0","22,650.0","22,300.0","4.36M","-0.88%"
"09/15/2023","22,650.0","22,600.0","22,750.0","22,450.0","5.25M","0.89%"
"09/14/2023","22,450.0","22,500.0","22,800.0","22,400.0","6.19M","-0.44%"
"09/13/2023","22,550.0","22,750.0","22,800.0","22,450.0","6.94M","-0.88%"
"09/12/2023","22,750.0","22,350.0","22,750.0","22,200.0","6.68M","1.79%"
"09/11/2023","22,350.0","22,800.0","22,900.0","22,250.0","10.54M","-1.76%"
"09/08/2023","22,750.0","22,900.0","22,950.0","22,700.0","5.53M","-0.66%"
"09/07/2023","22,900.0","23,000.0","23,150.0","22,750.0","9.85M","-0.22%"
"09/06/2023","22,950.0","22,750.0","22,950.0","22,600.0","4.78M","0.88%"
"09/05/2023","22,750.0","22,700.0","23,050.0","22,650.0","7.63M","0.66%"
"08/31/2023","22,600.0","22,450.0","22,600.0","22,450.0","7.21M","0.67%"
"08/30/2023","22,450.0","22,050.0","22,500.0","22,050.0","7.22M","1.81%"
"08/29/2023","22,050.0","22,050.0","22,200.0","21,950.0","5.77M","0.00%"
"08/28/2023","22,050.0","22,000.0","22,100.0","21,950.0","5.16M","0.46%"
"08/25/2023","21,950.0","22,000.0","22,050.0","21,850.0","5.38M","-0.45%"
"08/24/2023","22,050.0","21,850.0","22,250.0","21,850.0","5.31M","0.92%"
"08/23/2023","21,850.0","22,200.0","22,300.0","21,850.0","5.54M","-0.91%"
"08/22/2023","22,050.0","22,100.0","22,150.0","21,600.0","9.07M","0.23%"
"08/21/2023","22,000.0","21,850.0","22,200.0","21,850.0","7.97M","0.46%"
"08/18/2023","21,900.0","22,700.0","22,700.0","22,000.0","18.51M","-3.52%"
"08/17/2023","22,700.0","22,950.0","23,000.0","22,700.0","10.12M","-0.87%"
"08/16/2023","22,900.0","22,850.0","23,050.0","22,800.0","8.40M","0.22%"
"08/15/2023","22,850.0","23,150.0","23,250.0","22,850.0","6.46M","-0.87%"
"08/14/2023","23,050.0","22,900.0","23,050.0","22,800.0","10.44M","0.66%"
"08/11/2023","22,900.0","22,950.0","23,000.0","22,600.0","9.16M","0.00%"
"08/10/2023","22,900.0","23,250.0","23,350.0","22,900.0","12.69M","-1.29%"
"08/09/2023","23,200.0","23,400.0","23,600.0","23,150.0","15.56M","-0.85%"
"08/08/2023","23,400.0","23,800.0","23,900.0","23,300.0","15.27M","-1.47%"
"08/07/2023","23,750.0","23,950.0","24,050.0","23,600.0","28.09M","-2.66%"
"08/04/2023","24,400.0","23,600.0","24,400.0","23,250.0","18.67M","4.05%"
"08/03/2023","23,450.0","23,050.0","23,500.0","23,000.0","17.01M","1.52%"
"08/02/2023","23,100.0","22,800.0","23,150.0","22,800.0","12.41M","1.09%"
"08/01/2023","22,850.0","23,250.0","23,250.0","22,750.0","13.71M","-0.44%"
"07/31/2023","22,950.0","22,500.0","22,950.0","22,450.0","19.21M","3.38%"
"07/28/2023","22,200.0","22,200.0","22,400.0","22,050.0","8.61M","0.23%"
"07/27/2023","22,150.0","22,300.0","22,350.0","22,050.0","7.21M","-0.67%"
"07/26/2023","22,300.0","22,300.0","22,450.0","22,200.0","5.97M","0.00%"
"07/25/2023","22,300.0","22,000.0","22,500.0","22,000.0","13.70M","1.13%"
"07/24/2023","22,050.0","22,100.0","22,200.0","21,950.0","6.76M","-0.23%"
"07/21/2023","22,100.0","22,000.0","22,100.0","21,900.0","6.68M","0.45%"
"07/20/2023","22,000.0","22,000.0","22,050.0","21,900.0","6.28M","0.00%"
"07/19/2023","22,000.0","22,000.0","22,150.0","21,950.0","9.55M","0.00%"
"07/18/2023","22,000.0","21,900.0","22,000.0","21,850.0","6.78M","0.00%"
"07/17/2023","22,000.0","22,050.0","22,050.0","21,900.0","6.53M","0.00%"
"07/14/2023","22,000.0","22,050.0","22,100.0","21,800.0","6.90M","0.00%"
"07/13/2023","22,000.0","22,000.0","22,000.0","21,800.0","6.74M","0.69%"
"07/12/2023","21,850.0","22,200.0","22,200.0","21,800.0","5.19M","-0.68%"
"07/11/2023","22,000.0","22,300.0","22,300.0","21,950.0","8.85M","0.23%"
"07/10/2023","21,950.0","21,750.0","22,100.0","21,700.0","9.03M","1.15%"
"07/07/2023","21,700.0","21,700.0","21,750.0","21,500.0","7.14M","0.00%"
"07/06/2023","21,700.0","21,950.0","22,000.0","21,650.0","6.42M","-1.14%"
"07/05/2023","21,950.0","22,000.0","22,100.0","21,950.0","8.12M","-0.23%"
"07/04/2023","22,000.0","21,950.0","22,050.0","21,900.0","4.35M","-0.23%"
"07/03/2023","22,050.0","22,050.0","22,100.0","21,950.0","4.03M","0.00%"
"06/30/2023","22,050.0","21,900.0","22,050.0","21,800.0","5.12M","0.68%"
"06/29/2023","21,900.0","22,300.0","22,400.0","21,900.0","8.15M","-1.79%"
"06/28/2023","22,300.0","22,200.0","22,400.0","22,100.0","8.23M","0.45%"
"06/27/2023","22,200.0","22,550.0","22,550.0","22,200.0","5.62M","-0.22%"
"06/26/2023","22,250.0","22,200.0","22,500.0","22,000.0","11.78M","1.60%"
"06/23/2023","21,900.0","21,700.0","21,900.0","21,600.0","11.43M","1.15%"
"06/22/2023","21,650.0","21,750.0","21,900.0","21,650.0","7.97M","-0.23%"
"06/21/2023","21,700.0","21,600.0","21,700.0","21,550.0","5.48M","0.23%"
"06/20/2023","21,650.0","21,650.0","21,700.0","21,500.0","5.64M","0.00%"
"06/19/2023","21,650.0","21,800.0","21,850.0","21,600.0","4.66M","-0.69%"
"06/16/2023","21,800.0","21,700.0","22,100.0","21,600.0","14.41M","0.46%"
"06/15/2023","21,700.0","21,650.0","21,700.0","21,550.0","5.41M","0.23%"
"06/14/2023","21,650.0","21,650.0","21,900.0","21,600.0","8.03M","0.23%"
"06/13/2023","21,600.0","21,500.0","21,600.0","21,400.0","7.97M","0.70%"
"06/12/2023","21,450.0","21,650.0","21,650.0","21,350.0","4.29M","-0.46%"
"06/09/2023","21,550.0","21,650.0","21,650.0","21,300.0","7.46M","-0.23%"
"06/08/2023","21,600.0","21,800.0","21,900.0","21,600.0","9.68M","-1.14%"
"06/07/2023","21,850.0","21,800.0","22,000.0","21,800.0","9.18M","0.23%"
"06/06/2023","21,800.0","21,800.0","21,850.0","21,700.0","9.94M","0.23%"
"06/05/2023","21,750.0","22,000.0","22,150.0","21,650.0","13.84M","-0.23%"
"06/02/2023","21,800.0","21,500.0","22,100.0","21,450.0","15.03M","1.87%"
"06/01/2023","21,400.0","21,500.0","21,750.0","21,250.0","12.76M","-15.75%"
"05/31/2023","25,400.0","25,200.0","25,400.0","25,000.0","29.15M","0.79%"
"05/30/2023","25,200.0","25,300.0","25,300.0","25,000.0","22.60M","0.20%"
"05/29/2023","25,150.0","25,100.0","25,300.0","25,000.0","16.57M","0.60%"
"05/26/2023","25,000.0","25,200.0","25,200.0","24,950.0","8.56M","-0.40%"
"05/25/2023","25,100.0","25,200.0","25,200.0","24,900.0","8.79M","-0.20%"
"05/24/2023","25,150.0","25,500.0","25,500.0","24,950.0","11.05M","-0.79%"
"05/23/2023","25,350.0","25,200.0","25,600.0","25,000.0","21.72M","1.20%"
"05/22/2023","25,050.0","25,000.0","25,050.0","24,900.0","4.58M","0.40%"
"05/19/2023","24,950.0","25,050.0","25,050.0","24,750.0","4.01M","-0.20%"
"05/18/2023","25,000.0","24,900.0","25,100.0","24,850.0","3.35M","0.40%"
"05/17/2023","24,900.0","25,000.0","25,150.0","24,850.0","3.45M","-0.40%"
"05/16/2023","25,000.0","25,000.0","25,050.0","24,900.0","1.46M","0.00%"
"05/15/2023","25,000.0","25,200.0","25,300.0","24,950.0","6.38M","0.00%"
"05/12/2023","25,000.0","25,000.0","25,050.0","24,800.0","2.35M","0.40%"
"05/11/2023","24,900.0","25,000.0","25,100.0","24,800.0","2.55M","0.00%"
"05/10/2023","24,900.0","24,900.0","24,950.0","24,800.0","1.96M","0.00%"
"05/09/2023","24,900.0","25,000.0","25,050.0","24,800.0","3.11M","-0.20%"
"05/08/2023","24,950.0","24,650.0","25,000.0","24,600.0","2.30M","1.22%"
"05/05/2023","24,650.0","24,500.0","24,750.0","24,500.0","2.62M","-0.20%"
"05/04/2023","24,700.0","24,300.0","24,750.0","24,300.0","4.30M","2.07%"
"04/28/2023","24,200.0","24,200.0","24,400.0","24,150.0","9.77M","0.21%"
"04/27/2023","24,150.0","24,200.0","24,450.0","24,100.0","2.18M","0.00%"
"04/26/2023","24,150.0","24,150.0","24,200.0","23,950.0","3.86M","0.00%"
"04/25/2023","24,150.0","24,300.0","24,450.0","24,100.0","6.17M","-0.21%"
"04/24/2023","24,200.0","24,300.0","24,450.0","24,100.0","2.27M","-0.21%"
"04/21/2023","24,250.0","24,300.0","24,400.0","24,250.0","2.47M","0.00%"
"04/20/2023","24,250.0","24,500.0","24,550.0","24,200.0","2.47M","-0.61%"
"04/19/2023","24,400.0","24,800.0","24,800.0","24,400.0","4.60M","-1.41%"
"04/18/2023","24,750.0","25,000.0","25,000.0","24,750.0","2.10M","-1.00%"
"04/17/2023","25,000.0","24,950.0","25,000.0","24,800.0","1.65M","0.20%"
"04/14/2023","24,950.0","25,050.0","25,100.0","24,850.0","5.02M","0.00%"
"04/13/2023","24,950.0","24,950.0","25,050.0","24,850.0","2.52M","0.40%"
"04/12/2023","24,850.0","25,000.0","25,050.0","24,800.0","3.22M","-0.40%"
"04/11/2023","24,950.0","24,900.0","25,050.0","24,700.0","1.60M","-0.20%"
"04/10/2023","25,000.0","25,100.0","25,150.0","24,850.0","3.64M","-0.20%"
"04/07/2023","25,050.0","24,950.0","25,100.0","24,900.0","3.14M","0.60%"
"04/06/2023","24,900.0","25,400.0","25,450.0","24,900.0","4.33M","-1.58%"
"04/05/2023","25,300.0","25,100.0","25,300.0","25,050.0","3.32M","0.60%"
"04/04/2023","25,150.0","25,250.0","25,350.0","25,050.0","7.19M","-0.40%"
"04/03/2023","25,250.0","25,250.0","25,400.0","25,000.0","9.97M","1.00%"
"03/31/2023","25,000.0","24,700.0","25,250.0","24,650.0","5.88M","1.63%"
"03/30/2023","24,600.0","24,600.0","24,700.0","24,550.0","2.12M","0.82%"
"03/29/2023","24,400.0","24,500.0","24,600.0","24,350.0","15.18M","-0.20%"
"03/28/2023","24,450.0","24,650.0","24,800.0","24,450.0","8.29M","0.00%"
"03/27/2023","24,450.0","24,600.0","24,750.0","24,350.0","2.46M","-0.41%"
"03/24/2023","24,550.0","24,600.0","24,850.0","24,500.0","1.68M","0.20%"
"03/23/2023","24,500.0","24,100.0","24,600.0","23,950.0","7.08M","1.45%"
"03/22/2023","24,150.0","24,350.0","24,350.0","24,050.0","1.86M","-0.21%"
"03/21/2023","24,200.0","24,400.0","24,400.0","23,850.0","1.49M","0.83%"
"03/20/2023","24,000.0","24,200.0","24,350.0","24,000.0","2.46M","-1.44%"
"03/17/2023","24,350.0","24,550.0","24,650.0","24,350.0","1.25M","-0.20%"
"03/16/2023","24,400.0","24,500.0","24,750.0","24,150.0","2.50M","-1.61%"
"03/15/2023","24,800.0","24,600.0","24,800.0","24,450.0","1.96M","3.12%"
"03/14/2023","24,050.0","24,550.0","24,700.0","23,950.0","6.77M","-1.84%"
"03/13/2023","24,500.0","24,750.0","24,950.0","24,350.0","4.02M","-1.61%"
"03/10/2023","24,900.0","25,050.0","25,200.0","24,750.0","2.42M","-1.78%"
"03/09/2023","25,350.0","25,000.0","25,450.0","24,900.0","3.74M","1.40%"
"03/08/2023","25,000.0","24,250.0","25,000.0","24,250.0","2.78M","2.04%"
"03/07/2023","24,500.0","24,750.0","25,000.0","24,300.0","4.64M","0.82%"
"03/06/2023","24,300.0","24,850.0","25,100.0","24,300.0","5.22M","-0.82%"
"03/03/2023","24,500.0","25,050.0","25,300.0","24,500.0","2.40M","-2.20%"
"03/02/2023","25,050.0","25,000.0","25,450.0","25,000.0","3.34M","-0.40%"
"03/01/2023","25,150.0","24,400.0","25,200.0","24,200.0","2.54M","3.07%"
"02/28/2023","24,400.0","24,500.0","24,750.0","24,250.0","6.15M","0.62%"
"02/27/2023","24,250.0","24,500.0","24,600.0","24,100.0","3.11M","-1.42%"
"02/24/2023","24,600.0","25,000.0","25,300.0","24,550.0","2.23M","-3.15%"
"02/23/2023","25,400.0","24,750.0","25,500.0","24,250.0","3.86M","2.21%"
"02/22/2023","24,850.0","25,200.0","25,550.0","24,850.0","2.65M","-2.55%"
"02/21/2023","25,500.0","25,800.0","26,000.0","25,500.0","1.72M","-1.16%"
"02/20/2023","25,800.0","24,700.0","25,800.0","24,650.0","4.90M","4.03%"
"02/17/2023","24,800.0","24,850.0","24,950.0","24,550.0","1.72M","0.00%"
"02/16/2023","24,800.0","24,800.0","24,800.0","24,400.0","1.62M","1.02%"
"02/15/2023","24,550.0","23,900.0","24,650.0","23,750.0","3.33M","2.94%"
"02/14/2023","23,850.0","24,100.0","24,100.0","23,800.0","1.44M","-0.21%"
"02/13/2023","23,900.0","24,150.0","24,150.0","23,800.0","2.59M","-1.24%"
"02/10/2023","24,200.0","24,600.0","24,750.0","24,200.0","2.01M","-1.22%"
"02/09/2023","24,500.0","24,650.0","25,100.0","24,500.0","3.23M","-0.61%"
"02/08/2023","24,650.0","24,800.0","25,050.0","24,550.0","1.92M","0.20%"
"02/07/2023","24,600.0","25,000.0","25,100.0","24,400.0","2.47M","-1.20%"
"02/06/2023","24,900.0","24,400.0","25,150.0","24,150.0","2.40M","1.63%"
"02/03/2023","24,500.0","25,000.0","25,250.0","24,400.0","9.53M","-2.00%"
"02/02/2023","25,000.0","25,150.0","25,600.0","24,800.0","2.88M","-0.79%"
"02/01/2023","25,200.0","26,100.0","26,250.0","25,100.0","3.48M","-3.26%"
"01/31/2023","26,050.0","25,400.0","26,050.0","25,000.0","3.48M","2.56%"
"01/30/2023","25,400.0","26,300.0","26,350.0","25,400.0","5.40M","-3.61%"
"01/27/2023","26,350.0","26,350.0","26,500.0","25,900.0","3.76M","1.35%"
"01/19/2023","26,000.0","25,500.0","26,000.0","25,450.0","5.52M","1.96%"
"01/18/2023","25,500.0","25,300.0","25,700.0","25,100.0","5.44M","0.79%"
"01/17/2023","25,300.0","25,050.0","25,450.0","24,950.0","3.98M","1.20%"
"01/16/2023","25,000.0","24,150.0","25,000.0","24,150.0","3.54M","3.52%"
"01/13/2023","24,150.0","24,600.0","24,800.0","24,150.0","2.15M","-1.43%"
"01/12/2023","24,500.0","24,200.0","24,650.0","24,200.0","2.88M","1.24%"
"01/11/2023","24,200.0","23,600.0","24,450.0","23,450.0","5.34M","3.20%"
"01/10/2023","23,450.0","23,250.0","23,450.0","22,950.0","3.06M","1.52%"
"01/09/2023","23,100.0","23,350.0","23,350.0","22,950.0","1.75M","-0.22%"
"01/06/2023","23,150.0","22,800.0","23,350.0","22,600.0","3.40M","1.31%"
"01/05/2023","22,850.0","22,750.0","23,000.0","22,650.0","2.10M","0.88%"
"01/04/2023","22,650.0","22,850.0","22,850.0","22,550.0","1.64M","-0.22%"
"01/03/2023","22,700.0","22,000.0","22,700.0","21,950.0","1.55M","3.65%"
"12/30/2022","21,900.0","22,000.0","22,200.0","21,800.0","1.34M","-0.45%"
"12/29/2022","22,000.0","22,000.0","22,400.0","21,800.0","1.81M","0.00%"
"12/28/2022","22,000.0","22,100.0","22,450.0","21,950.0","1.83M","-0.45%"
"12/27/2022","22,100.0","22,100.0","22,600.0","22,000.0","2.04M","0.00%"
"12/26/2022","22,100.0","22,900.0","22,900.0","22,100.0","1.78M","-3.49%"
"12/23/2022","22,900.0","22,900.0","22,900.0","22,300.0","1.74M","0.00%"
"12/22/2022","22,900.0","23,000.0","23,000.0","22,750.0","1.96M","0.44%"
"12/21/2022","22,800.0","22,600.0","23,000.0","22,300.0","1.89M","1.11%"
"12/20/2022","22,550.0","22,750.0","22,900.0","22,200.0","2.57M","-0.88%"
"12/19/2022","22,750.0","22,900.0","23,250.0","22,750.0","3.38M","-1.09%"
"12/16/2022","23,000.0","23,000.0","23,400.0","22,850.0","2.22M","-0.86%"
"12/15/2022","23,200.0","23,000.0","23,500.0","23,000.0","4.11M","0.22%"
"12/14/2022","23,150.0","23,100.0","23,450.0","22,750.0","3.29M","0.43%"
"12/13/2022","23,050.0","22,400.0","23,050.0","22,250.0","2.69M","2.44%"
"12/12/2022","22,500.0","23,050.0","23,300.0","22,500.0","3.18M","-2.39%"
"12/09/2022","23,050.0","22,750.0","23,200.0","22,450.0","3.32M","1.77%"
"12/08/2022","22,650.0","22,450.0","23,800.0","22,100.0","4.80M","1.57%"
"12/07/2022","22,300.0","22,500.0","22,500.0","21,750.0","3.30M","0.00%"
"12/06/2022","22,300.0","23,600.0","23,750.0","22,300.0","5.16M","-5.51%"
"12/05/2022","23,600.0","23,550.0","24,000.0","23,200.0","4.72M","0.43%"
"12/02/2022","23,500.0","22,500.0","23,500.0","22,150.0","4.79M","4.44%"
"12/01/2022","22,500.0","22,300.0","22,850.0","22,000.0","6.81M","1.81%"
"11/30/2022","22,100.0","22,250.0","22,450.0","21,800.0","4.12M","-0.23%"
"11/29/2022","22,150.0","22,250.0","22,250.0","21,700.0","3.94M","-0.45%"
"11/28/2022","22,250.0","21,600.0","22,250.0","21,550.0","5.24M","3.49%"
"11/25/2022","21,500.0","21,500.0","21,500.0","21,050.0","2.83M","2.38%"
"11/24/2022","21,000.0","20,600.0","21,200.0","20,400.0","2.31M","1.69%"
"11/23/2022","20,650.0","20,400.0","20,950.0","20,350.0","2.55M","1.47%"
"11/22/2022","20,350.0","20,400.0","21,350.0","20,350.0","4.43M","-1.21%"
"11/21/2022","20,600.0","21,200.0","21,200.0","20,600.0","2.28M","-2.60%"
"11/18/2022","21,150.0","20,800.0","21,450.0","20,600.0","3.54M","0.48%"
"11/17/2022","21,050.0","20,800.0","21,350.0","20,800.0","4.30M","3.19%"
"11/16/2022","20,400.0","18,900.0","20,400.0","17,900.0","7.40M","6.81%"
"11/15/2022","19,100.0","20,250.0","20,450.0","19,100.0","6.56M","-5.91%"
"11/14/2022","20,300.0","20,500.0","20,700.0","19,950.0","5.26M","-2.40%"
"11/11/2022","20,800.0","20,700.0","21,200.0","20,450.0","4.33M","4.00%"
"11/10/2022","20,000.0","20,650.0","20,900.0","19,500.0","5.46M","-3.61%"
"11/09/2022","20,750.0","21,400.0","21,700.0","20,700.0","3.28M","-2.58%"
"11/08/2022","21,300.0","20,600.0","21,750.0","20,150.0","4.07M","3.15%"
"11/07/2022","20,650.0","20,900.0","21,000.0","20,200.0","4.91M","2.48%"
"11/04/2022","20,150.0","21,350.0","21,400.0","19,950.0","12.62M","-5.62%"
"11/03/2022","21,350.0","21,500.0","22,000.0","21,350.0","3.28M","-2.06%"
"11/02/2022","21,800.0","22,400.0","22,450.0","21,800.0","3.54M","-2.90%"
"11/01/2022","22,450.0","22,500.0","23,000.0","22,350.0","3.36M","0.22%"
"10/31/2022","22,400.0","22,350.0","22,500.0","21,650.0","3.75M","0.45%"
"10/28/2022","22,300.0","22,400.0","22,550.0","22,050.0","3.55M","1.13%"
"10/27/2022","22,050.0","20,700.0","22,050.0","20,500.0","4.85M","6.78%"
"10/26/2022","20,650.0","20,600.0","20,900.0","20,200.0","2.17M","1.23%"
"10/25/2022","20,400.0","19,700.0","20,850.0","19,150.0","4.93M","4.62%"
"10/24/2022","19,500.0","20,450.0","20,500.0","19,200.0","2.80M","-4.41%"
"10/21/2022","20,400.0","21,350.0","21,350.0","20,250.0","3.39M","-4.45%"
"10/20/2022","21,350.0","21,100.0","21,500.0","20,700.0","4.02M","1.18%"
"10/19/2022","21,100.0","21,600.0","21,600.0","21,000.0","1.45M","-1.40%"
"10/18/2022","21,400.0","21,300.0","21,500.0","21,100.0","2.77M","2.15%"
"10/17/2022","20,950.0","20,300.0","21,000.0","20,250.0","3.76M","0.48%"
"10/14/2022","20,850.0","20,500.0","20,900.0","20,200.0","3.14M","4.51%"
"10/13/2022","19,950.0","18,700.0","19,950.0","18,500.0","3.90M","6.68%"
"10/12/2022","18,700.0","17,900.0","18,700.0","17,800.0","3.37M","6.86%"
"10/11/2022","17,500.0","18,700.0","18,700.0","17,450.0","6.43M","-6.42%"
"10/10/2022","18,700.0","18,200.0","19,100.0","18,200.0","6.47M","0.27%"
"10/07/2022","18,650.0","19,550.0","19,900.0","18,600.0","8.49M","-6.75%"
"10/06/2022","20,000.0","20,850.0","21,200.0","20,000.0","2.85M","-3.85%"
"10/05/2022","20,800.0","21,100.0","21,450.0","20,800.0","3.26M","-0.95%"
"10/04/2022","21,000.0","21,700.0","21,950.0","21,000.0","3.47M","-2.78%"
"10/03/2022","21,600.0","22,050.0","22,300.0","21,300.0","3.66M","-2.70%"
"09/30/2022","22,200.0","22,000.0","22,450.0","21,850.0","4.22M","0.91%"
"09/29/2022","22,000.0","22,150.0","22,150.0","21,900.0","3.86M","0.00%"
"09/28/2022","22,000.0","22,050.0","22,250.0","21,950.0","2.51M","-1.79%"
"09/27/2022","22,400.0","22,200.0","22,450.0","22,100.0","1.47M","0.90%"
"09/26/2022","22,200.0","22,400.0","22,500.0","21,800.0","4.55M","-1.77%"
"09/23/2022","22,600.0","22,650.0","22,950.0","22,600.0","1.47M","-0.88%"
"09/22/2022","22,800.0","22,500.0","22,800.0","22,500.0","1.83M","0.88%"
"09/21/2022","22,600.0","22,850.0","22,850.0","22,600.0","1.29M","-1.31%"
"09/20/2022","22,900.0","22,900.0","22,950.0","22,600.0","1.91M","0.22%"
"09/19/2022","22,850.0","23,150.0","23,200.0","22,700.0","2.56M","-1.30%"
"09/16/2022","23,150.0","23,500.0","23,600.0","23,100.0","2.12M","-1.70%"
"09/15/2022","23,550.0","23,600.0","23,600.0","23,450.0","1.59M","0.21%"
"09/14/2022","23,500.0","23,500.0","23,600.0","23,350.0","2.10M","-1.26%"
"09/13/2022","23,800.0","23,900.0","24,000.0","23,600.0","1.47M","0.21%"
"09/12/2022","23,750.0","24,000.0","24,200.0","23,750.0","1.39M","-1.04%"
"09/09/2022","24,000.0","24,200.0","24,200.0","23,750.0","2.23M","0.00%"
"09/08/2022","24,000.0","24,400.0","24,450.0","24,000.0","2.08M","-1.23%"
"09/07/2022","24,300.0","24,500.0","24,600.0","24,300.0","3.21M","-1.42%"
"09/06/2022","24,650.0","24,500.0","24,700.0","24,450.0","2.41M","0.61%"
"09/05/2022","24,500.0","24,550.0","24,750.0","24,450.0","2.31M","-0.61%"
"08/31/2022","24,650.0","24,550.0","24,750.0","24,550.0","1.97M","0.41%"
"08/30/2022","24,550.0","24,600.0","24,850.0","24,550.0","2.02M","0.00%"
"08/29/2022","24,550.0","24,450.0","24,700.0","24,300.0","3.22M","-1.01%"
"08/26/2022","24,800.0","25,100.0","25,300.0","24,750.0","3.88M","-0.80%"
"08/25/2022","25,000.0","24,850.0","25,000.0","24,750.0","3.63M","0.60%"
"08/24/2022","24,850.0","24,700.0","24,900.0","24,650.0","2.70M","0.20%"
"08/23/2022","24,800.0","24,350.0","24,800.0","24,200.0","2.39M","0.61%"
"08/22/2022","24,650.0","24,800.0","24,800.0","24,600.0","2.24M","-0.80%"
"08/19/2022","24,850.0","25,150.0","25,150.0","24,800.0","1.91M","-1.19%"
"08/18/2022","25,150.0","24,950.0","25,250.0","24,800.0","5.98M","0.80%"
"08/17/2022","24,950.0","24,950.0","25,000.0","24,850.0","3.35M","0.40%"
"08/16/2022","24,850.0","24,900.0","24,950.0","24,650.0","3.23M","-0.40%"
"08/15/2022","24,950.0","24,900.0","25,150.0","24,800.0","3.15M","0.60%"
"08/12/2022","24,800.0","24,700.0","24,850.0","24,600.0","1.46M","0.20%"
"08/11/2022","24,750.0","25,000.0","25,100.0","24,700.0","3.44M","-0.40%"
"08/10/2022","24,850.0","24,950.0","25,050.0","24,750.0","1.99M","-0.40%"
"08/09/2022","24,950.0","24,900.0","25,000.0","24,700.0","3.55M","0.81%"
"08/08/2022","24,750.0","24,800.0","25,000.0","24,650.0","3.20M","-0.40%"
"08/05/2022","24,850.0","25,000.0","25,000.0","24,500.0","3.27M","-0.60%"
"08/04/2022","25,000.0","25,000.0","25,250.0","24,900.0","4.39M","0.20%"
"08/03/2022","24,950.0","25,000.0","25,050.0","24,700.0","6.08M","0.20%"
"08/02/2022","24,900.0","25,000.0","25,050.0","24,700.0","3.39M","-0.40%"
"08/01/2022","25,000.0","24,650.0","25,000.0","24,500.0","4.46M","1.63%"
"07/29/2022","24,600.0","24,550.0","24,700.0","24,450.0","3.82M","0.61%"
"07/28/2022","24,450.0","24,700.0","24,700.0","24,400.0","3.35M","1.03%"
"07/27/2022","24,200.0","24,000.0","24,200.0","23,950.0","890.00K","0.62%"
"07/26/2022","24,050.0","24,000.0","24,250.0","24,000.0","1.48M","0.00%"
"07/25/2022","24,050.0","24,200.0","24,400.0","23,900.0","1.85M","-1.23%"
"07/22/2022","24,350.0","24,650.0","24,800.0","24,350.0","2.04M","-1.22%"
"07/21/2022","24,650.0","24,300.0","24,900.0","24,200.0","4.31M","1.44%"
"07/20/2022","24,300.0","24,100.0","24,350.0","23,900.0","3.04M","1.67%"
"07/19/2022","23,900.0","23,900.0","23,950.0","23,800.0","1.51M","0.00%"
"07/18/2022","23,900.0","24,100.0","24,200.0","23,900.0","2.43M","-0.42%"
"07/15/2022","24,000.0","24,250.0","24,450.0","24,000.0","2.64M","-0.21%"
"07/14/2022","24,050.0","23,800.0","24,150.0","23,800.0","1.43M","0.21%"
"07/13/2022","24,000.0","24,000.0","24,400.0","23,800.0","2.13M","0.00%"
"07/12/2022","24,000.0","23,600.0","24,000.0","23,500.0","728.10K","2.13%"
"07/11/2022","23,500.0","23,850.0","24,000.0","23,500.0","1.63M","-2.08%"
"07/08/2022","24,000.0","24,200.0","24,400.0","24,000.0","2.02M","-0.62%"
"07/07/2022","24,150.0","24,300.0","24,500.0","24,100.0","2.50M","-0.21%"
"07/06/2022","24,200.0","24,400.0","24,500.0","23,600.0","2.02M","-1.02%"
"07/05/2022","24,450.0","24,450.0","24,600.0","24,250.0","2.99M","0.82%"
"07/04/2022","24,250.0","24,400.0","24,500.0","24,000.0","1.82M","0.83%"
"07/01/2022","24,050.0","23,850.0","24,050.0","23,500.0","1.85M","0.21%"
"06/30/2022","24,000.0","24,500.0","24,500.0","23,950.0","2.09M","-0.83%"
"06/29/2022","24,200.0","24,200.0","24,500.0","24,000.0","1.96M","-1.22%"
"06/28/2022","24,500.0","23,800.0","24,800.0","23,700.0","3.00M","2.30%"
"06/27/2022","23,950.0","23,800.0","24,150.0","23,650.0","2.45M","0.63%"
"06/24/2022","23,800.0","23,700.0","24,000.0","23,500.0","1.59M","0.21%"
"06/23/2022","23,750.0","23,400.0","23,850.0","23,050.0","2.14M","0.00%"
"06/22/2022","23,750.0","23,200.0","23,900.0","23,200.0","2.53M","3.26%"
"06/21/2022","23,000.0","22,500.0","23,200.0","22,500.0","2.68M","0.44%"
"06/20/2022","22,900.0","23,100.0","23,500.0","22,800.0","3.96M","-0.87%"
"06/17/2022","23,100.0","23,500.0","23,850.0","22,850.0","3.16M","-4.15%"
"06/16/2022","24,100.0","23,600.0","24,100.0","23,600.0","1.93M","2.12%"
"06/15/2022","23,600.0","24,450.0","24,500.0","23,100.0","3.63M","-2.07%"
"06/14/2022","24,100.0","23,900.0","24,450.0","23,500.0","2.05M","0.84%"
"06/13/2022","23,900.0","25,000.0","25,000.0","23,800.0","3.83M","-5.16%"
"06/10/2022","25,200.0","25,200.0","25,800.0","25,150.0","2.28M","-2.14%"
"06/09/2022","25,750.0","25,800.0","25,900.0","25,050.0","3.39M","0.19%"
"06/08/2022","25,700.0","24,900.0","25,700.0","24,650.0","4.49M","3.01%"
"06/07/2022","24,950.0","25,300.0","25,300.0","24,300.0","2.26M","-1.38%"
"06/06/2022","25,300.0","25,300.0","25,550.0","25,200.0","1.70M","0.00%"
"06/03/2022","25,300.0","25,500.0","25,600.0","24,900.0","1.41M","-0.20%"
"06/02/2022","25,350.0","25,600.0","25,950.0","25,350.0","3.75M","1.89%"
"06/01/2022","24,880.0","25,440.0","25,440.0","24,880.0","4.40M","-1.43%"
"05/31/2022","25,240.0","25,360.0","25,440.0","25,200.0","2.94M","-1.25%"
"05/30/2022","25,560.0","25,600.0","25,600.0","25,200.0","2.81M","0.47%"
"05/27/2022","25,440.0","24,640.0","25,440.0","24,480.0","6.14M","4.78%"
"05/26/2022","24,280.0","24,320.0","24,400.0","24,000.0","3.36M","1.17%"
"05/25/2022","24,000.0","23,040.0","24,000.0","23,040.0","4.77M","4.17%"
"05/24/2022","23,040.0","23,040.0","23,040.0","22,520.0","1.97M","1.23%"
"05/23/2022","22,760.0","23,280.0","23,440.0","22,640.0","1.48M","-2.07%"
"05/20/2022","23,240.0","22,880.0","23,440.0","22,880.0","2.42M","1.57%"
"05/19/2022","22,880.0","22,720.0","23,200.0","22,480.0","2.32M","-1.21%"
"05/18/2022","23,160.0","23,760.0","23,800.0","23,040.0","4.40M","-1.03%"
"05/17/2022","23,400.0","22,080.0","23,480.0","22,000.0","3.27M","5.98%"
"05/16/2022","22,080.0","22,120.0","22,960.0","22,000.0","6.42M","0.36%"
"05/13/2022","22,000.0","23,920.0","24,240.0","22,000.0","7.68M","-6.78%"
"05/12/2022","23,600.0","24,560.0","25,000.0","23,600.0","3.91M","-6.65%"
"05/11/2022","25,280.0","24,640.0","25,280.0","24,480.0","2.90M","2.60%"
"05/10/2022","24,640.0","24,240.0","24,800.0","23,920.0","4.81M","0.65%"
"05/09/2022","24,480.0","24,800.0","24,800.0","23,760.0","6.47M","-1.29%"
"05/06/2022","24,800.0","24,960.0","25,440.0","24,680.0","2.40M","-2.21%"
"05/05/2022","25,360.0","25,840.0","25,840.0","25,040.0","4.01M","-0.16%"
"05/04/2022","25,400.0","25,800.0","26,000.0","25,400.0","2.58M","-2.91%"
"04/29/2022","26,160.0","24,800.0","26,160.0","24,600.0","5.80M","5.48%"
"04/28/2022","24,800.0","24,480.0","24,960.0","24,480.0","1.88M","0.32%"
"04/27/2022","24,720.0","24,560.0","24,960.0","24,240.0","3.54M","0.00%"
"04/26/2022","24,720.0","24,400.0","25,000.0","24,000.0","7.63M","1.31%"
"04/25/2022","24,400.0","25,840.0","25,960.0","24,400.0","10.30M","-5.57%"
"04/22/2022","25,840.0","25,360.0","26,080.0","25,360.0","6.49M","2.54%"
"04/21/2022","25,200.0","25,600.0","26,000.0","25,200.0","7.37M","-1.25%"
"04/20/2022","25,520.0","25,360.0","25,760.0","25,320.0","5.61M","0.79%"
"04/19/2022","25,320.0","26,080.0","26,240.0","25,280.0","6.56M","-3.51%"
"04/18/2022","26,240.0","26,800.0","26,880.0","26,240.0","7.43M","-2.24%"
"04/15/2022","26,840.0","27,040.0","27,200.0","26,760.0","6.74M","-0.74%"
"04/14/2022","27,040.0","26,920.0","27,320.0","26,880.0","6.13M","0.45%"
"04/13/2022","26,920.0","26,800.0","27,080.0","26,640.0","6.32M","0.60%"
"04/12/2022","26,760.0","27,080.0","27,080.0","26,680.0","6.15M","-1.18%"
"04/08/2022","27,080.0","26,960.0","27,200.0","26,920.0","11.13M","0.74%"
"04/07/2022","26,880.0","26,720.0","27,320.0","26,600.0","12.06M","1.20%"
"04/06/2022","26,560.0","26,280.0","26,640.0","26,200.0","5.20M","0.61%"
"04/05/2022","26,400.0","26,720.0","26,720.0","26,360.0","5.64M","-1.49%"
"04/04/2022","26,800.0","26,880.0","26,960.0","26,720.0","5.99M","0.30%"
"04/01/2022","26,720.0","26,440.0","26,720.0","26,400.0","7.33M","1.06%"
"03/31/2022","26,440.0","26,160.0","26,560.0","26,080.0","6.90M","1.38%"
"03/30/2022","26,080.0","25,920.0","26,320.0","25,840.0","5.19M","0.77%"
"03/29/2022","25,880.0","25,960.0","26,120.0","25,840.0","4.58M","0.00%"
"03/28/2022","25,880.0","26,160.0","26,240.0","25,840.0","6.09M","-1.07%"
"03/25/2022","26,160.0","26,320.0","26,520.0","26,160.0","4.17M","-0.61%"
"03/24/2022","26,320.0","26,440.0","26,560.0","26,280.0","3.59M","-0.90%"
"03/23/2022","26,560.0","26,560.0","26,720.0","26,520.0","2.58M","-0.30%"
"03/22/2022","26,640.0","26,400.0","26,720.0","26,400.0","4.16M","1.06%"
"03/21/2022","26,360.0","26,320.0","26,400.0","26,160.0","4.13M","0.46%"
"03/18/2022","26,240.0","26,400.0","26,480.0","26,240.0","3.25M","0.00%"
"03/17/2022","26,240.0","26,520.0","26,560.0","26,240.0","3.28M","0.00%"
"03/16/2022","26,240.0","26,320.0","26,440.0","26,120.0","4.12M","0.00%"
"03/15/2022","26,240.0","26,240.0","26,520.0","26,160.0","3.44M","0.31%"
"03/14/2022","26,160.0","26,000.0","26,240.0","25,960.0","3.41M","0.00%"
"03/11/2022","26,160.0","26,240.0","26,360.0","26,080.0","3.39M","-0.61%"
"03/10/2022","26,320.0","26,400.0","26,720.0","26,320.0","2.75M","0.61%"
"03/09/2022","26,160.0","26,200.0","26,360.0","25,920.0","5.22M","0.31%"
"03/08/2022","26,080.0","26,400.0","26,560.0","26,040.0","9.03M","-1.95%"
"03/07/2022","26,600.0","26,800.0","27,040.0","26,520.0","5.87M","-3.06%"
"03/04/2022","27,440.0","26,720.0","27,440.0","26,400.0","8.66M","2.54%"
"03/03/2022","26,760.0","26,400.0","26,760.0","26,320.0","10.21M","1.67%"
"03/02/2022","26,320.0","26,960.0","27,200.0","26,320.0","17.35M","-2.81%"
"03/01/2022","27,080.0","27,200.0","27,200.0","26,840.0","7.01M","-0.15%"
"02/28/2022","27,120.0","27,440.0","27,480.0","27,120.0","4.82M","-1.31%"
"02/25/2022","27,480.0","27,600.0","27,800.0","27,440.0","6.89M","-0.29%"
"02/24/2022","27,560.0","27,480.0","27,680.0","26,760.0","11.12M","-0.43%"
"02/23/2022","27,680.0","27,840.0","28,080.0","27,680.0","7.32M","-0.29%"
"02/22/2022","27,760.0","27,200.0","27,760.0","26,880.0","10.12M","0.87%"
"02/21/2022","27,520.0","27,120.0","27,520.0","26,840.0","9.11M","1.62%"
"02/18/2022","27,080.0","27,280.0","27,400.0","26,960.0","9.15M","-1.31%"
"02/17/2022","27,440.0","27,320.0","27,560.0","27,280.0","4.89M","0.29%"
"02/16/2022","27,360.0","27,760.0","27,760.0","27,200.0","6.37M","-0.87%"
"02/15/2022","27,600.0","27,240.0","27,600.0","27,200.0","8.29M","1.47%"
"02/14/2022","27,200.0","28,320.0","28,480.0","27,200.0","16.44M","-4.76%"
"02/11/2022","28,560.0","28,240.0","29,080.0","28,200.0","11.97M","0.42%"
"02/10/2022","28,440.0","28,480.0","28,640.0","28,280.0","9.54M","-0.14%"
"02/09/2022","28,480.0","28,720.0","28,760.0","28,400.0","12.69M","-0.42%"
"02/08/2022","28,600.0","27,760.0","28,800.0","27,760.0","40.58M","3.03%"
"02/07/2022","27,760.0","28,000.0","28,120.0","27,720.0","5.69M","0.43%"
"01/28/2022","27,640.0","27,920.0","28,000.0","27,520.0","12.82M","-1.00%"
"01/27/2022","27,920.0","28,320.0","28,320.0","27,640.0","7.58M","-1.55%"
"01/26/2022","28,360.0","28,000.0","28,760.0","28,000.0","10.62M","1.72%"
"01/25/2022","27,880.0","27,480.0","28,040.0","27,480.0","5.35M","1.46%"
"01/24/2022","27,480.0","26,800.0","27,920.0","26,800.0","16.48M","2.69%"
"01/21/2022","26,760.0","26,360.0","27,200.0","26,320.0","5.51M","1.52%"
"01/20/2022","26,360.0","26,400.0","26,520.0","26,160.0","4.27M","-0.15%"
"01/19/2022","26,400.0","26,240.0","26,640.0","26,240.0","2.63M","0.61%"
"01/18/2022","26,240.0","26,200.0","26,440.0","25,840.0","5.34M","0.15%"
"01/17/2022","26,200.0","26,480.0","26,920.0","26,200.0","9.11M","-0.91%"
"01/14/2022","26,440.0","26,680.0","26,760.0","26,400.0","2.43M","-0.90%"
"01/13/2022","26,680.0","26,920.0","27,400.0","26,520.0","8.14M","0.76%"
"01/12/2022","26,480.0","26,160.0","26,840.0","26,040.0","9.74M","1.07%"
"01/11/2022","26,200.0","26,400.0","26,440.0","26,160.0","7.99M","-0.76%"
"01/10/2022","26,400.0","26,400.0","26,720.0","26,360.0","7.12M","-0.90%"
"01/07/2022","26,640.0","27,120.0","27,160.0","26,640.0","4.15M","-1.33%"
"01/06/2022","27,000.0","26,800.0","27,200.0","26,480.0","7.09M","0.15%"
"01/05/2022","26,960.0","27,480.0","27,480.0","26,920.0","7.42M","-2.03%"
"01/04/2022","27,520.0","27,840.0","27,840.0","27,400.0","5.69M","-0.29%"
"12/31/2021","27,600.0","27,200.0","27,640.0","27,200.0","7.06M","1.77%"
"12/30/2021","27,120.0","26,960.0","27,200.0","26,800.0","2.27M","0.30%"
"12/29/2021","27,040.0","27,080.0","27,360.0","26,960.0","4.77M","0.45%"
"12/28/2021","26,920.0","26,520.0","27,000.0","26,440.0","4.35M","1.51%"
"12/27/2021","26,520.0","26,640.0","26,640.0","26,320.0","3.07M","0.45%"
"12/24/2021","26,400.0","26,000.0","26,520.0","25,760.0","5.47M","1.54%"
"12/23/2021","26,000.0","26,080.0","26,120.0","25,600.0","5.17M","-0.61%"
"12/22/2021","26,160.0","26,120.0","26,360.0","26,120.0","4.23M","-0.30%"
"12/21/2021","26,240.0","26,360.0","26,360.0","26,240.0","3.03M","-0.91%"
"12/20/2021","26,480.0","26,560.0","26,640.0","26,280.0","4.12M","-0.30%"
"12/17/2021","26,560.0","26,520.0","26,640.0","26,440.0","3.00M","0.61%"
"12/16/2021","26,400.0","26,800.0","26,840.0","26,400.0","2.88M","-1.20%"
"12/15/2021","26,720.0","26,480.0","26,840.0","26,440.0","2.65M","0.30%"
"12/14/2021","26,640.0","26,640.0","26,800.0","26,480.0","2.66M","-0.30%"
"12/13/2021","26,720.0","26,840.0","27,040.0","26,640.0","3.77M","0.00%"
"12/10/2021","26,720.0","26,560.0","26,880.0","26,480.0","5.91M","0.30%"
"12/09/2021","26,640.0","26,400.0","26,640.0","26,240.0","2.70M","0.60%"
"12/08/2021","26,480.0","26,120.0","26,720.0","26,040.0","3.63M","0.46%"
"12/07/2021","26,360.0","26,000.0","26,360.0","25,680.0","3.53M","2.01%"
"12/06/2021","25,840.0","25,840.0","26,240.0","25,320.0","8.12M","-0.77%"
"12/03/2021","26,040.0","26,720.0","26,840.0","26,040.0","6.15M","-1.96%"
"12/02/2021","26,560.0","26,880.0","26,880.0","26,560.0","3.31M","-0.90%"
"12/01/2021","26,800.0","26,480.0","26,800.0","26,440.0","4.53M","0.60%"
"11/30/2021","26,640.0","27,520.0","27,600.0","26,560.0","7.68M","-2.49%"
"11/29/2021","27,320.0","27,040.0","27,440.0","27,040.0","7.62M","-1.30%"
"11/26/2021","27,680.0","28,120.0","28,240.0","27,680.0","7.76M","-1.56%"
"11/25/2021","28,120.0","28,400.0","28,440.0","27,960.0","8.85M","-0.57%"
"11/24/2021","28,280.0","27,120.0","28,360.0","27,000.0","17.87M","4.12%"
"11/23/2021","27,160.0","27,400.0","27,440.0","26,960.0","4.80M","-0.59%"
"11/22/2021","27,320.0","26,800.0","27,840.0","26,400.0","11.44M","2.09%"
"11/19/2021","26,760.0","26,160.0","27,120.0","26,040.0","12.24M","2.92%"
"11/18/2021","26,000.0","26,800.0","26,800.0","26,000.0","6.87M","-2.40%"
"11/17/2021","26,640.0","26,520.0","26,800.0","26,240.0","5.45M","0.45%"
"11/16/2021","26,520.0","26,680.0","26,720.0","26,240.0","6.51M","-0.75%"
"11/15/2021","26,720.0","26,720.0","26,880.0","26,600.0","6.10M","0.15%"
"11/12/2021","26,680.0","26,400.0","26,680.0","26,120.0","5.47M","1.06%"
"11/11/2021","26,400.0","26,640.0","26,840.0","26,000.0","8.91M","-1.20%"
"11/10/2021","26,720.0","26,800.0","26,840.0","26,520.0","5.46M","-0.15%"
"11/09/2021","26,760.0","26,720.0","27,040.0","26,680.0","6.31M","0.15%"
"11/08/2021","26,720.0","26,800.0","26,920.0","26,560.0","6.73M","-0.30%"
"11/05/2021","26,800.0","27,040.0","27,040.0","26,640.0","4.96M","0.00%"
"11/04/2021","26,800.0","27,240.0","27,240.0","26,760.0","5.25M","-1.03%"
"11/03/2021","27,080.0","26,640.0","27,280.0","26,600.0","16.33M","2.11%"
"11/02/2021","26,520.0","26,160.0","26,520.0","26,040.0","8.76M","1.38%"
"11/01/2021","26,160.0","26,240.0","26,320.0","25,920.0","6.62M","-0.91%"
"10/29/2021","26,400.0","25,480.0","26,400.0","25,400.0","17.00M","3.61%"
"10/28/2021","25,480.0","25,320.0","25,480.0","25,200.0","5.81M","1.43%"
"10/27/2021","25,120.0","24,920.0","25,440.0","24,920.0","7.29M","0.96%"
"10/26/2021","24,880.0","25,000.0","25,000.0","24,640.0","6.57M","-0.48%"
"10/25/2021","25,000.0","25,360.0","25,360.0","24,880.0","6.50M","-1.11%"
"10/22/2021","25,280.0","25,520.0","25,560.0","25,160.0","4.78M","-0.47%"
"10/21/2021","25,400.0","25,840.0","25,840.0","25,400.0","5.17M","-1.70%"
"10/20/2021","25,840.0","25,840.0","26,120.0","25,440.0","4.81M","0.00%"
"10/19/2021","25,840.0","25,920.0","25,920.0","25,520.0","4.52M","0.94%"
"10/18/2021","25,600.0","25,880.0","26,080.0","25,600.0","5.68M","-0.62%"
"10/15/2021","25,760.0","26,000.0","26,040.0","25,680.0","3.72M","-0.31%"
"10/14/2021","25,840.0","26,080.0","26,160.0","25,760.0","5.65M","-0.92%"
"10/13/2021","26,080.0","26,080.0","26,320.0","26,000.0","4.64M","0.00%"
"10/12/2021","26,080.0","26,320.0","26,320.0","25,920.0","4.23M","0.00%"
"10/11/2021","26,080.0","25,280.0","26,080.0","25,280.0","8.36M","3.66%"
"10/08/2021","25,160.0","25,120.0","25,240.0","25,000.0","4.35M","0.80%"
"10/07/2021","24,960.0","25,200.0","25,200.0","24,960.0","2.70M","-0.48%"
"10/06/2021","25,080.0","25,240.0","25,320.0","24,880.0","4.15M","-0.48%"
"10/05/2021","25,200.0","24,800.0","25,200.0","24,800.0","3.64M","1.61%"
"10/04/2021","24,800.0","25,040.0","25,120.0","24,480.0","7.07M","-1.59%"
"10/01/2021","25,200.0","25,200.0","25,240.0","24,880.0","8.05M","-0.16%"
"09/30/2021","25,240.0","25,080.0","25,280.0","25,040.0","5.49M","0.64%"
"09/29/2021","25,080.0","25,280.0","25,360.0","24,920.0","4.52M","-0.79%"
"09/28/2021","25,280.0","25,200.0","25,400.0","25,120.0","3.15M","0.32%"
"09/27/2021","25,200.0","25,760.0","25,920.0","25,200.0","6.00M","-1.56%"
"09/24/2021","25,600.0","25,440.0","25,720.0","25,280.0","8.36M","1.27%"
"09/23/2021","25,280.0","25,360.0","25,440.0","25,200.0","5.26M","0.00%"
"09/22/2021","25,280.0","25,440.0","25,600.0","25,280.0","3.35M","-0.63%"
"09/21/2021","25,440.0","25,440.0","25,600.0","25,160.0","4.85M","-0.93%"
"09/20/2021","25,680.0","25,600.0","25,840.0","25,480.0","7.98M","1.58%"
"09/17/2021","25,280.0","25,280.0","25,440.0","25,080.0","5.72M","0.96%"
"09/16/2021","25,040.0","25,000.0","25,240.0","24,960.0","4.32M","0.32%"
"09/15/2021","24,960.0","25,200.0","25,200.0","24,920.0","6.22M","-0.95%"
"09/14/2021","25,200.0","25,480.0","25,600.0","25,200.0","5.64M","-1.25%"
"09/13/2021","25,520.0","25,840.0","25,840.0","25,520.0","6.50M","-1.24%"
"09/10/2021","25,840.0","26,000.0","26,040.0","25,800.0","5.13M","-0.46%"
"09/09/2021","25,960.0","25,600.0","25,960.0","25,560.0","4.29M","0.93%"
"09/08/2021","25,720.0","26,000.0","26,200.0","25,680.0","5.94M","-1.08%"
"09/07/2021","26,000.0","25,920.0","26,200.0","25,760.0","9.95M","1.40%"
"09/06/2021","25,640.0","25,760.0","25,840.0","25,560.0","9.23M","0.16%"
"09/01/2021","25,600.0","25,600.0","26,200.0","25,560.0","10.89M","0.00%"
"08/31/2021","25,600.0","26,000.0","26,080.0","25,600.0","6.91M","-0.47%"
"08/30/2021","25,720.0","25,440.0","25,920.0","25,280.0","10.04M","1.26%"
"08/27/2021","25,400.0","25,360.0","25,480.0","24,640.0","10.09M","-0.63%"
"08/26/2021","25,560.0","26,040.0","26,080.0","25,440.0","6.18M","-1.54%"
"08/25/2021","25,960.0","25,760.0","26,000.0","25,520.0","6.08M","0.46%"
"08/24/2021","25,840.0","25,600.0","26,000.0","25,360.0","11.36M","0.94%"
"08/23/2021","25,600.0","26,800.0","26,880.0","25,600.0","19.50M","-4.76%"
"08/20/2021","26,880.0","28,240.0","28,280.0","26,440.0","26.19M","-4.82%"
"08/19/2021","28,240.0","28,400.0","28,440.0","27,960.0","11.71M","-0.70%"
"08/18/2021","28,440.0","28,360.0","28,640.0","28,240.0","8.87M","-0.14%"
"08/17/2021","28,480.0","28,800.0","28,960.0","28,320.0","10.93M","-0.28%"
"08/16/2021","28,560.0","28,280.0","28,800.0","27,840.0","15.07M","0.99%"
"08/13/2021","28,280.0","28,160.0","28,360.0","27,440.0","18.91M","0.14%"
"08/12/2021","28,240.0","28,640.0","28,800.0","28,240.0","15.18M","-1.94%"
"08/11/2021","28,800.0","29,200.0","29,400.0","28,800.0","20.62M","-1.37%"
"08/10/2021","29,200.0","29,440.0","29,480.0","28,960.0","13.07M","0.00%"
"08/09/2021","29,200.0","28,320.0","29,480.0","28,120.0","24.05M","2.67%"
"08/06/2021","28,440.0","28,880.0","28,920.0","28,360.0","10.78M","-1.25%"
"08/05/2021","28,800.0","28,280.0","28,880.0","28,240.0","17.23M","1.41%"
"08/04/2021","28,400.0","28,800.0","28,800.0","28,240.0","10.58M","-0.84%"
"08/03/2021","28,640.0","28,360.0","28,640.0","28,000.0","10.96M","0.70%"
"08/02/2021","28,440.0","28,400.0","28,800.0","28,280.0","10.81M","-1.66%"
"07/30/2021","28,920.0","27,440.0","28,920.0","27,440.0","43.95M","5.86%"
"07/29/2021","27,320.0","26,760.0","27,360.0","26,640.0","9.55M","3.02%"
"07/28/2021","26,520.0","26,560.0","26,880.0","26,440.0","6.06M","0.00%"
"07/27/2021","26,520.0","26,440.0","26,800.0","26,400.0","7.04M","1.38%"
"07/26/2021","26,160.0","26,080.0","26,480.0","25,640.0","9.41M","-0.91%"
"07/23/2021","26,400.0","27,120.0","27,320.0","26,400.0","9.29M","-3.23%"
"07/22/2021","27,280.0","27,040.0","27,520.0","26,560.0","8.95M","0.89%"
"07/21/2021","27,040.0","27,240.0","27,600.0","27,000.0","10.22M","-0.29%"
"07/20/2021","27,120.0","26,000.0","27,120.0","25,600.0","10.70M","5.44%"
"07/19/2021","25,720.0","26,320.0","26,520.0","25,560.0","12.52M","-4.32%"
"07/16/2021","26,880.0","26,520.0","26,880.0","26,240.0","7.40M","2.60%"
"07/15/2021","26,200.0","25,120.0","26,360.0","25,080.0","6.37M","3.15%"
"07/14/2021","25,400.0","26,320.0","26,400.0","24,880.0","13.51M","-3.50%"
"07/13/2021","26,320.0","26,640.0","26,640.0","25,840.0","8.34M","0.46%"
"07/12/2021","26,200.0","27,600.0","27,800.0","26,200.0","22.94M","-6.96%"
"07/09/2021","28,160.0","28,800.0","29,280.0","27,200.0","14.14M","-2.76%"
"07/08/2021","28,960.0","29,240.0","29,760.0","28,800.0","9.19M","-0.96%"
"07/07/2021","29,240.0","28,800.0","29,520.0","28,080.0","12.65M","1.53%"
"07/06/2021","28,800.0","30,400.0","30,560.0","28,800.0","12.59M","-5.14%"
"07/05/2021","30,360.0","29,040.0","30,480.0","28,720.0","20.84M","5.12%"
"07/02/2021","28,880.0","29,040.0","29,120.0","28,800.0","8.01M","0.42%"
"07/01/2021","28,760.0","28,440.0","28,960.0","28,080.0","12.99M","0.70%"
"06/30/2021","28,560.0","29,120.0","29,200.0","28,480.0","12.04M","-2.06%"
"06/29/2021","29,160.0","29,520.0","29,560.0","29,160.0","8.35M","-0.68%"
"06/28/2021","29,360.0","29,360.0","29,440.0","29,040.0","9.92M","0.96%"
"06/25/2021","29,080.0","28,960.0","29,280.0","28,840.0","9.92M","0.41%"
"06/24/2021","28,960.0","28,800.0","29,160.0","28,480.0","14.37M","1.12%"
"06/23/2021","28,640.0","28,720.0","29,120.0","28,560.0","12.81M","0.42%"
"06/22/2021","28,520.0","28,160.0","28,800.0","27,880.0","18.59M","2.59%"
"06/21/2021","27,800.0","27,920.0","28,160.0","27,720.0","6.81M","-0.71%"
"06/18/2021","28,000.0","28,160.0","28,400.0","27,920.0","11.52M","0.29%"
"06/17/2021","27,920.0","27,200.0","28,000.0","26,960.0","7.99M","0.58%"
"06/16/2021","27,760.0","28,280.0","28,360.0","27,600.0","10.26M","-1.84%"
"06/15/2021","28,280.0","27,280.0","28,960.0","26,800.0","22.72M","3.67%"
"06/14/2021","27,280.0","27,720.0","27,920.0","27,080.0","13.68M","-1.59%"
"06/11/2021","27,720.0","27,520.0","28,080.0","27,040.0","11.92M","1.61%"
"06/10/2021","27,280.0","27,600.0","28,280.0","27,280.0","17.50M","0.41%"
"06/09/2021","27,168.0","25,728.0","27,264.0","25,600.0","19.63M","5.60%"
"06/08/2021","25,728.0","27,232.0","27,776.0","25,728.0","22.38M","-6.51%"
"06/07/2021","27,520.0","28,736.0","28,736.0","27,040.0","28.91M","-5.08%"
"06/04/2021","28,992.0","28,800.0","29,376.0","28,800.0","14.83M","-1.31%"
"06/03/2021","29,376.0","29,632.0","29,632.0","28,544.0","19.17M","2.91%"
"06/02/2021","28,544.0","27,296.0","28,544.0","27,200.0","25.02M","5.94%"
"06/01/2021","26,944.0","27,200.0","27,456.0","26,880.0","17.44M","1.69%"
"05/31/2021","26,496.0","25,280.0","26,528.0","24,960.0","25.05M","6.43%"
"05/28/2021","24,896.0","24,448.0","24,896.0","24,352.0","14.71M","1.83%"
"05/27/2021","24,448.0","24,640.0","25,056.0","24,256.0","14.92M","-0.65%"
"05/26/2021","24,608.0","24,352.0","24,736.0","24,352.0","15.59M","1.18%"
"05/25/2021","24,320.0","24,000.0","24,480.0","23,872.0","13.68M","1.33%"
"05/24/2021","24,000.0","24,224.0","24,224.0","23,840.0","11.79M","0.00%"
"05/21/2021","24,000.0","23,936.0","24,512.0","23,872.0","14.29M","0.27%"
"05/20/2021","23,936.0","23,424.0","24,000.0","23,424.0","19.16M","2.19%"
"05/19/2021","23,424.0","23,168.0","23,488.0","22,976.0","12.72M","0.97%"
"05/18/2021","23,200.0","23,424.0","23,424.0","22,976.0","12.31M","-0.82%"
"05/17/2021","23,392.0","23,680.0","23,808.0","23,328.0","14.50M","0.27%"
"05/14/2021","23,328.0","23,296.0","23,488.0","23,072.0","9.56M","0.69%"
"05/13/2021","23,168.0","22,848.0","23,648.0","22,848.0","18.32M","0.14%"
"05/12/2021","23,136.0","22,752.0","23,136.0","22,656.0","14.05M","0.98%"
"05/11/2021","22,912.0","23,296.0","23,296.0","22,912.0","15.28M","-1.10%"
"05/10/2021","23,168.0","22,528.0","23,264.0","22,528.0","21.08M","2.84%"
"05/07/2021","22,528.0","22,080.0","22,656.0","22,080.0","18.84M","1.15%"
"05/06/2021","22,272.0","22,592.0","22,624.0","22,176.0","12.16M","-1.42%"
"05/05/2021","22,592.0","22,144.0","22,944.0","22,144.0","27.44M","2.47%"
"05/04/2021","22,048.0","21,760.0","22,240.0","21,440.0","14.58M","-0.58%"
"04/29/2021","22,176.0","21,632.0","22,176.0","21,504.0","26.01M","2.51%"
"04/28/2021","21,632.0","21,440.0","21,952.0","21,376.0","8.87M","-0.59%"
"04/27/2021","21,760.0","21,120.0","21,760.0","20,896.0","9.99M","2.10%"
"04/26/2021","21,312.0","21,376.0","21,376.0","20,864.0","11.12M","-0.30%"
"04/23/2021","21,376.0","20,736.0","21,408.0","20,544.0","10.45M","2.77%"
"04/22/2021","20,800.0","21,376.0","21,504.0","20,800.0","12.26M","-3.27%"
"04/20/2021","21,504.0","21,760.0","22,016.0","21,248.0","11.20M","-0.30%"
"04/19/2021","21,568.0","21,440.0","21,600.0","20,992.0","6.71M","1.81%"
"04/16/2021","21,184.0","21,632.0","21,792.0","20,928.0","13.13M","-2.22%"
"04/15/2021","21,664.0","22,176.0","22,208.0","21,632.0","15.14M","-2.17%"
"04/14/2021","22,144.0","21,952.0","22,240.0","21,856.0","7.93M","0.00%"
"04/13/2021","22,144.0","22,624.0","22,720.0","22,016.0","13.65M","-1.56%"
"04/12/2021","22,496.0","22,144.0","22,528.0","22,048.0","19.55M","2.18%"
"04/09/2021","22,016.0","21,952.0","22,144.0","21,888.0","8.44M","0.00%"
"04/08/2021","22,016.0","21,984.0","22,208.0","21,888.0","7.32M","0.00%"
"04/07/2021","22,016.0","22,080.0","22,208.0","21,952.0","10.00M","-1.01%"
"04/06/2021","22,240.0","22,208.0","22,368.0","21,856.0","11.82M","0.00%"
"04/05/2021","22,240.0","22,592.0","22,592.0","22,144.0","11.61M","0.29%"
"04/02/2021","22,176.0","21,888.0","22,400.0","21,760.0","21.84M","2.36%"
"04/01/2021","21,664.0","21,408.0","21,664.0","21,312.0","16.31M","1.65%"
"03/31/2021","21,312.0","21,440.0","21,632.0","21,280.0","7.79M","0.00%"
"03/30/2021","21,312.0","21,184.0","21,440.0","20,960.0","12.58M","0.91%"
"03/29/2021","21,120.0","21,056.0","21,184.0","20,736.0","10.91M","1.69%"
"03/26/2021","20,768.0","20,480.0","20,768.0","20,064.0","12.39M","1.25%"
"03/25/2021","20,512.0","20,768.0","20,864.0","20,416.0","13.00M","-1.23%"
"03/24/2021","20,768.0","20,736.0","20,960.0","20,512.0","15.53M","-1.67%"
"03/23/2021","21,120.0","21,472.0","21,472.0","20,992.0","16.17M","-1.20%"
"03/22/2021","21,376.0","21,792.0","21,824.0","21,344.0","13.60M","-1.18%"
"03/19/2021","21,632.0","21,728.0","21,888.0","21,568.0","11.11M","-0.44%"
"03/18/2021","21,728.0","21,696.0","21,920.0","21,440.0","16.07M","1.34%"
"03/17/2021","21,440.0","21,408.0","21,472.0","21,248.0","9.76M","0.15%"
"03/16/2021","21,408.0","21,376.0","21,568.0","21,152.0","9.55M","-0.15%"
"03/15/2021","21,440.0","21,120.0","21,664.0","20,864.0","28.21M","1.67%"
"03/12/2021","21,088.0","21,120.0","21,152.0","20,896.0","8.12M","-0.15%"
"03/11/2021","21,120.0","21,120.0","21,184.0","20,960.0","11.13M","0.76%"
"03/10/2021","20,960.0","20,544.0","21,248.0","20,416.0","18.99M","2.18%"
"03/09/2021","20,512.0","20,160.0","20,672.0","19,904.0","13.78M","0.79%"
"03/08/2021","20,352.0","20,800.0","20,928.0","20,192.0","25.07M","-2.00%"
"03/05/2021","20,768.0","20,544.0","20,864.0","20,224.0","15.87M","0.15%"
"03/04/2021","20,736.0","21,376.0","21,376.0","20,512.0","15.33M","-2.56%"
"03/03/2021","21,280.0","21,056.0","21,408.0","20,928.0","14.18M","0.76%"
"03/02/2021","21,120.0","21,376.0","21,408.0","20,992.0","14.96M","-0.75%"
"03/01/2021","21,280.0","21,376.0","21,408.0","21,056.0","13.23M","0.61%"
"02/26/2021","21,152.0","20,416.0","21,344.0","20,416.0","20.42M","2.01%"
"02/25/2021","20,736.0","20,160.0","20,768.0","19,904.0","23.46M","3.85%"
"02/24/2021","19,968.0","20,256.0","20,384.0","19,840.0","29.20M","-1.58%"
"02/23/2021","20,288.0","20,384.0","20,640.0","20,128.0","21.80M","0.32%"
"02/22/2021","20,224.0","20,160.0","20,608.0","19,904.0","19.67M","1.61%"
"02/19/2021","19,904.0","18,560.0","19,936.0","18,496.0","48.73M","6.69%"
"02/18/2021","18,656.0","18,816.0","18,848.0","18,432.0","8.67M","-0.85%"
"02/17/2021","18,816.0","18,432.0","18,880.0","18,368.0","10.71M","2.98%"
"02/09/2021","18,272.0","17,600.0","18,272.0","17,472.0","9.30M","3.82%"
"02/08/2021","17,600.0","18,240.0","18,400.0","17,408.0","8.99M","-3.51%"
"02/05/2021","18,240.0","18,048.0","18,336.0","18,016.0","8.77M","1.06%"
"02/04/2021","18,048.0","17,984.0","18,048.0","17,792.0","6.64M","0.36%"
"02/03/2021","17,984.0","17,504.0","18,048.0","17,408.0","11.02M","2.74%"
"02/02/2021","17,504.0","17,056.0","17,536.0","16,864.0","10.23M","2.63%"
"02/01/2021","17,056.0","17,152.0","17,536.0","16,832.0","11.76M","-0.56%"
"01/29/2021","17,152.0","15,680.0","17,216.0","15,680.0","11.91M","4.69%"
"01/28/2021","16,384.0","16,640.0","17,088.0","16,384.0","23.68M","-6.91%"
"01/27/2021","17,600.0","17,792.0","18,144.0","17,408.0","9.98M","-1.08%"
"01/26/2021","17,792.0","17,952.0","18,336.0","17,600.0","12.65M","-1.07%"
"01/25/2021","17,984.0","18,112.0","18,240.0","17,952.0","12.01M","-1.92%"
"01/22/2021","18,336.0","18,496.0","18,624.0","18,240.0","8.50M","-1.04%"
"01/21/2021","18,528.0","18,432.0","18,624.0","18,144.0","10.21M","2.30%"
"01/20/2021","18,112.0","17,920.0","18,112.0","16,832.0","19.25M","1.43%"
"01/19/2021","17,856.0","19,072.0","19,136.0","17,856.0","20.43M","-6.84%"
"01/18/2021","19,168.0","19,424.0","19,520.0","19,136.0","13.15M","-0.99%"
"01/15/2021","19,360.0","19,200.0","19,456.0","19,168.0","12.79M","1.34%"
"01/14/2021","19,104.0","19,136.0","19,136.0","18,688.0","13.27M","0.00%"
"01/13/2021","19,104.0","19,392.0","19,424.0","19,008.0","15.49M","-0.83%"
"01/12/2021","19,264.0","19,360.0","19,392.0","19,168.0","14.50M","-0.82%"
"01/11/2021","19,424.0","19,520.0","19,776.0","19,296.0","15.35M","0.50%"
"01/08/2021","19,328.0","19,168.0","19,456.0","19,072.0","24.25M","1.00%"
"01/07/2021","19,136.0","19,136.0","19,200.0","18,944.0","18.18M","0.00%"
"01/06/2021","19,136.0","19,008.0","19,584.0","18,752.0","24.82M","1.87%"
"01/05/2021","18,784.0","18,304.0","18,944.0","18,112.0","29.21M","2.44%"
"01/04/2021","18,336.0","18,272.0","18,464.0","18,240.0","16.84M","1.96%"
"12/31/2020","17,984.0","17,856.0","18,112.0","17,824.0","10.59M","1.08%"
"12/30/2020","17,792.0","17,760.0","18,048.0","17,760.0","10.53M","0.36%"
"12/29/2020","17,728.0","17,792.0","17,888.0","17,664.0","10.16M","-0.36%"
"12/28/2020","17,792.0","18,112.0","18,112.0","17,696.0","9.72M","-0.54%"
"12/25/2020","17,888.0","17,472.0","17,920.0","17,408.0","14.37M","2.38%"
"12/24/2020","17,472.0","17,984.0","18,112.0","16,960.0","24.74M","-2.85%"
"12/23/2020","17,984.0","18,432.0","18,464.0","17,920.0","17.53M","-2.26%"
"12/22/2020","18,400.0","18,528.0","18,560.0","18,304.0","11.83M","-0.69%"
"12/21/2020","18,528.0","18,240.0","18,752.0","18,144.0","35.13M","1.94%"
"12/18/2020","18,176.0","18,208.0","18,336.0","18,112.0","18.27M","0.35%"
"12/17/2020","18,112.0","17,984.0","18,464.0","17,952.0","21.20M","0.18%"
"12/16/2020","18,080.0","17,920.0","18,208.0","17,920.0","16.35M","0.89%"
"12/15/2020","17,920.0","18,048.0","18,080.0","17,856.0","11.41M","-0.71%"
"12/14/2020","18,048.0","18,112.0","18,240.0","17,984.0","11.45M","0.00%"
"12/11/2020","18,048.0","17,984.0","18,080.0","17,792.0","6.97M","0.89%"
"12/10/2020","17,888.0","18,432.0","18,432.0","17,856.0","14.43M","-2.10%"
"12/09/2020","18,272.0","17,984.0","18,528.0","17,792.0","37.81M","4.58%"
"12/01/2020","17,472.0","17,408.0","17,472.0","17,152.0","14.45M","0.37%"
"11/30/2020","17,408.0","17,536.0","17,536.0","17,280.0","13.97M","0.00%"
"11/27/2020","17,408.0","17,600.0","17,664.0","17,408.0","8.54M","-0.73%"
"11/26/2020","17,536.0","17,472.0","17,728.0","17,280.0","15.68M","0.37%"
"11/25/2020","17,472.0","17,472.0","17,664.0","17,344.0","10.14M","0.00%"
"11/24/2020","17,472.0","17,472.0","17,792.0","17,344.0","16.19M","0.00%"
"11/23/2020","17,472.0","17,600.0","17,664.0","17,280.0","17.03M","0.00%"
"11/20/2020","17,472.0","17,472.0","17,536.0","17,152.0","14.99M","0.37%"
"11/19/2020","17,408.0","17,472.0","17,600.0","17,280.0","10.03M","0.00%"
"11/18/2020","17,408.0","17,408.0","17,728.0","17,216.0","12.38M","0.00%"
"11/17/2020","17,408.0","16,768.0","17,408.0","16,768.0","26.22M","3.82%"
"11/16/2020","16,768.0","16,960.0","17,152.0","16,768.0","14.04M","-1.13%"
"11/13/2020","16,960.0","16,896.0","17,088.0","16,832.0","9.74M","0.38%"
"11/12/2020","16,896.0","16,256.0","16,896.0","16,256.0","29.62M","3.94%"
"11/11/2020","16,256.0","16,192.0","16,320.0","16,128.0","7.08M","0.40%"
"11/10/2020","16,192.0","16,448.0","16,640.0","16,192.0","13.84M","-0.39%"
"11/09/2020","16,256.0","16,064.0","16,320.0","16,064.0","9.22M","1.20%"
"11/06/2020","16,064.0","15,936.0","16,064.0","15,872.0","5.74M","0.80%"
"11/05/2020","15,936.0","16,320.0","16,448.0","15,936.0","13.36M","-2.35%"
"11/04/2020","16,320.0","16,064.0","16,448.0","16,064.0","19.70M","2.00%"
"11/03/2020","16,000.0","15,680.0","16,128.0","15,680.0","12.04M","2.04%"
"11/02/2020","15,680.0","15,488.0","15,680.0","15,360.0","5.90M","1.66%"
"10/30/2020","15,424.0","15,424.0","15,552.0","15,232.0","6.87M","0.84%"
"10/29/2020","15,296.0","15,104.0","15,552.0","14,848.0","13.31M","0.42%"
"10/28/2020","15,232.0","15,616.0","15,680.0","15,168.0","23.31M","-2.46%"
"10/27/2020","15,616.0","15,808.0","15,936.0","15,616.0","18.32M","-1.61%"
"10/26/2020","15,872.0","16,384.0","16,512.0","15,872.0","18.23M","-3.13%"
"10/23/2020","16,384.0","16,512.0","16,576.0","16,320.0","12.55M","0.00%"
"10/22/2020","16,384.0","16,192.0","16,640.0","16,000.0","14.76M","1.59%"
"10/21/2020","16,128.0","16,256.0","16,384.0","16,128.0","13.86M","-0.40%"
"10/20/2020","16,192.0","16,256.0","16,384.0","16,000.0","17.75M","0.00%"
"10/19/2020","16,192.0","16,000.0","16,448.0","15,936.0","22.13M","2.43%"
"10/16/2020","15,808.0","15,680.0","16,000.0","15,488.0","13.62M","0.82%"
"10/15/2020","15,680.0","15,360.0","15,872.0","15,296.0","25.55M","2.08%"
"10/14/2020","15,360.0","15,040.0","15,424.0","14,976.0","31.71M","2.56%"
"10/13/2020","14,976.0","14,976.0","14,976.0","14,784.0","8.32M","0.43%"
"10/12/2020","14,912.0","15,168.0","15,232.0","14,912.0","13.51M","-0.85%"
"10/09/2020","15,040.0","14,848.0","15,232.0","14,784.0","13.63M","1.29%"
"10/08/2020","14,848.0","14,848.0","15,168.0","14,720.0","21.72M","-0.85%"
"10/07/2020","14,976.0","15,360.0","15,424.0","14,912.0","27.65M","-2.50%"
"10/06/2020","15,360.0","15,104.0","15,488.0","15,104.0","17.15M","1.69%"
"10/05/2020","15,104.0","14,720.0","15,104.0","14,656.0","20.14M","2.61%"
"10/02/2020","14,720.0","14,336.0","15,040.0","14,336.0","36.75M","2.22%"
"10/01/2020","14,400.0","14,272.0","14,592.0","14,208.0","10.17M","0.00%"
"09/30/2020","14,400.0","14,336.0","14,400.0","14,208.0","5.66M","0.45%"
"09/29/2020","14,336.0","14,528.0","14,592.0","14,272.0","9.25M","-0.88%"
"09/28/2020","14,464.0","14,208.0","14,592.0","14,208.0","12.82M","1.80%"
"09/25/2020","14,208.0","14,208.0","14,336.0","14,016.0","10.03M","0.00%"
"09/24/2020","14,208.0","14,336.0","14,464.0","14,080.0","8.75M","-1.33%"
"09/23/2020","14,400.0","14,272.0","14,592.0","14,272.0","10.17M","0.90%"
"09/22/2020","14,272.0","14,080.0","14,272.0","13,888.0","13.78M","1.36%"
"09/21/2020","14,080.0","13,952.0","14,272.0","13,824.0","11.32M","1.38%"
"09/18/2020","13,888.0","13,760.0","13,888.0","13,696.0","5.13M","0.93%"
"09/17/2020","13,760.0","13,632.0","13,952.0","13,504.0","19.26M","1.42%"
"09/16/2020","13,568.0","13,568.0","13,632.0","13,504.0","3.43M","-0.47%"
"09/15/2020","13,632.0","13,568.0","13,696.0","13,504.0","7.24M","0.47%"
"09/14/2020","13,568.0","13,312.0","13,632.0","13,312.0","8.24M","1.92%"
"09/11/2020","13,312.0","13,376.0","13,440.0","13,248.0","3.67M","-0.48%"
"09/10/2020","13,376.0","13,376.0","13,568.0","13,376.0","5.08M","0.00%"
"09/09/2020","13,376.0","13,184.0","13,376.0","12,992.0","7.85M","1.46%"
"09/08/2020","13,184.0","13,312.0","13,376.0","13,184.0","19.18M","-0.96%"
"09/07/2020","13,312.0","13,504.0","13,568.0","13,312.0","9.48M","-1.42%"
"09/04/2020","13,504.0","13,440.0","13,568.0","13,312.0","7.29M","-0.47%"
"09/03/2020","13,568.0","13,504.0","13,696.0","13,440.0","9.50M","0.47%"
"09/01/2020","13,504.0","13,568.0","13,632.0","13,440.0","12.22M","-0.47%"
"08/31/2020","13,568.0","13,696.0","13,760.0","13,504.0","10.95M","-0.93%"
"08/28/2020","13,696.0","13,824.0","13,952.0","13,632.0","10.86M","-0.47%"
"08/27/2020","13,760.0","13,568.0","13,760.0","13,504.0","7.60M","1.42%"
"08/26/2020","13,568.0","13,504.0","13,632.0","13,376.0","9.40M","0.47%"
"08/25/2020","13,504.0","13,440.0","13,568.0","13,312.0","12.19M","0.48%"
"08/24/2020","13,440.0","13,568.0","13,760.0","13,440.0","10.66M","-0.94%"
"08/21/2020","13,568.0","13,312.0","13,568.0","13,184.0","11.55M","1.92%"
"08/20/2020","13,312.0","13,184.0","13,568.0","12,800.0","30.43M","5.63%"
"08/19/2020","12,603.0","12,652.0","12,702.0","12,505.0","18.82M","0.00%"
"08/18/2020","12,603.0","12,800.0","12,849.0","12,603.0","9.57M","-0.78%"
"08/17/2020","12,702.0","12,455.0","12,702.0","12,406.0","12.64M","1.98%"
"08/14/2020","12,455.0","12,554.0","12,554.0","12,308.0","13.57M","-0.79%"
"08/13/2020","12,554.0","12,505.0","12,603.0","12,455.0","7.73M","0.39%"
"08/12/2020","12,505.0","12,702.0","12,751.0","12,406.0","12.37M","0.00%"
"08/11/2020","12,505.0","11,815.0","12,505.0","11,766.0","31.15M","6.73%"
"08/10/2020","11,717.0","11,668.0","11,865.0","11,668.0","5.23M","0.42%"
"08/07/2020","11,668.0","11,766.0","11,865.0","11,569.0","4.37M","-0.42%"
"08/06/2020","11,717.0","11,865.0","11,865.0","11,668.0","3.81M","-0.83%"
"08/05/2020","11,815.0","11,766.0","12,012.0","11,668.0","11.12M","1.26%"
"08/04/2020","11,668.0","11,471.0","11,766.0","11,471.0","5.91M","2.15%"
"08/03/2020","11,422.0","10,880.0","11,422.0","10,880.0","6.18M","3.11%"
"07/31/2020","11,077.0","11,175.0","11,175.0","10,880.0","4.51M","-0.44%"
"07/30/2020","11,126.0","10,683.0","11,126.0","10,683.0","3.89M","1.80%"
"07/29/2020","10,929.0","11,175.0","11,225.0","10,634.0","10.01M","-3.06%"
"07/28/2020","11,274.0","10,732.0","11,274.0","10,585.0","5.28M","5.05%"
"07/27/2020","10,732.0","10,289.0","11,274.0","10,289.0","12.68M","-6.04%"
"07/24/2020","11,422.0","11,963.0","11,963.0","11,077.0","11.24M","-4.13%"
"07/23/2020","11,914.0","12,012.0","12,012.0","11,815.0","3.97M","-0.82%"
"07/22/2020","12,012.0","12,111.0","12,209.0","11,914.0","3.51M","-0.82%"
"07/21/2020","12,111.0","12,062.0","12,111.0","11,914.0","4.46M","0.41%"
"07/20/2020","12,062.0","12,209.0","12,258.0","12,062.0","5.33M","-1.20%"
"07/17/2020","12,209.0","11,865.0","12,308.0","11,815.0","16.03M","3.33%"
"07/16/2020","11,815.0","11,914.0","11,914.0","11,766.0","1.83M","0.00%"
"07/15/2020","11,815.0","11,914.0","11,914.0","11,815.0","3.19M","0.00%"
"07/14/2020","11,815.0","11,766.0","11,865.0","11,668.0","2.86M","0.42%"
"07/13/2020","11,766.0","11,865.0","11,914.0","11,717.0","3.74M","-0.41%"
"07/10/2020","11,815.0","11,963.0","12,012.0","11,717.0","4.64M","-1.24%"
"07/09/2020","11,963.0","11,766.0","11,963.0","11,766.0","4.57M","1.67%"
"07/08/2020","11,766.0","11,618.0","11,815.0","11,618.0","3.35M","0.84%"
"07/07/2020","11,668.0","11,668.0","11,815.0","11,668.0","4.85M","0.43%"
"07/06/2020","11,618.0","11,323.0","11,668.0","11,323.0","6.51M","2.61%"
"07/03/2020","11,323.0","11,422.0","11,471.0","11,323.0","2.58M","-0.43%"
"07/02/2020","11,372.0","11,422.0","11,520.0","11,323.0","2.17M","-0.44%"
"07/01/2020","11,422.0","11,225.0","11,471.0","11,225.0","3.40M","1.76%"
"06/30/2020","11,225.0","11,323.0","11,471.0","11,028.0","7.28M","-0.43%"
"06/29/2020","11,274.0","11,618.0","11,618.0","11,175.0","8.84M","-2.96%"
"06/26/2020","11,618.0","11,717.0","11,815.0","11,618.0","2.84M","-0.43%"
"06/25/2020","11,668.0","11,668.0","11,717.0","11,569.0","5.08M","-0.42%"
"06/24/2020","11,717.0","11,815.0","11,963.0","11,668.0","6.12M","-0.83%"
"06/23/2020","11,815.0","11,914.0","12,012.0","11,766.0","6.67M","-0.42%"
"06/22/2020","11,865.0","12,012.0","12,160.0","11,815.0","4.58M","-1.22%"
"06/19/2020","12,012.0","11,717.0","12,062.0","11,717.0","4.74M","2.52%"
"06/18/2020","11,717.0","11,668.0","11,766.0","11,520.0","2.64M","0.42%"
"06/17/2020","11,668.0","11,963.0","11,963.0","11,569.0","3.25M","-0.42%"
"06/16/2020","11,717.0","11,618.0","11,914.0","11,618.0","8.53M","2.14%"
"06/15/2020","11,471.0","12,160.0","12,160.0","11,422.0","11.96M","-4.90%"
"06/12/2020","12,062.0","11,815.0","12,062.0","11,520.0","13.50M","0.00%"
"06/11/2020","12,062.0","12,603.0","12,702.0","12,012.0","18.63M","-4.29%"
"06/10/2020","12,603.0","12,554.0","12,751.0","12,406.0","13.19M","0.39%"
"06/09/2020","12,554.0","12,554.0","12,603.0","12,406.0","7.17M","0.39%"
"06/08/2020","12,505.0","12,406.0","12,800.0","12,406.0","12.37M","0.80%"
"06/05/2020","12,406.0","12,505.0","12,505.0","12,258.0","8.18M","-0.39%"
"06/04/2020","12,455.0","12,603.0","12,652.0","12,406.0","10.48M","-0.79%"
"06/03/2020","12,554.0","12,209.0","12,554.0","12,209.0","7.64M","2.83%"
"06/02/2020","12,209.0","12,554.0","13,046.0","12,209.0","22.21M","-1.20%"
"06/01/2020","12,357.0","11,323.0","12,357.0","11,274.0","28.15M","9.61%"
"05/29/2020","11,274.0","11,274.0","11,323.0","11,175.0","4.86M","0.00%"
"05/28/2020","11,274.0","11,225.0","11,422.0","11,225.0","7.25M","0.44%"
"05/27/2020","11,225.0","11,569.0","11,668.0","11,225.0","12.98M","-2.14%"
"05/26/2020","11,471.0","11,077.0","11,569.0","11,077.0","10.70M","3.10%"
"05/25/2020","11,126.0","11,077.0","11,175.0","10,978.0","7.15M","0.89%"
"05/22/2020","11,028.0","11,077.0","11,175.0","10,978.0","9.83M","0.00%"
"05/21/2020","11,028.0","10,929.0","11,175.0","10,782.0","9.39M","0.91%"
"05/20/2020","10,929.0","10,880.0","11,028.0","10,831.0","6.33M","0.00%"
"05/19/2020","10,929.0","10,831.0","11,077.0","10,831.0","11.30M","1.84%"
"05/18/2020","10,732.0","10,782.0","10,782.0","10,535.0","5.63M","0.46%"
"05/15/2020","10,683.0","10,585.0","10,929.0","10,535.0","14.09M","1.40%"
"05/14/2020","10,535.0","10,683.0","10,732.0","10,535.0","7.77M","-1.39%"
"05/13/2020","10,683.0","10,831.0","10,831.0","10,585.0","7.02M","-0.46%"
"05/12/2020","10,732.0","10,683.0","10,831.0","10,535.0","8.24M","0.46%"
"05/11/2020","10,683.0","10,782.0","10,782.0","10,535.0","8.35M","1.40%"
"05/08/2020","10,535.0","10,486.0","10,782.0","10,338.0","12.18M","0.94%"
"05/07/2020","10,437.0","10,289.0","10,437.0","10,240.0","6.04M","1.92%"
"05/06/2020","10,240.0","10,043.0","10,437.0","9,945.0","9.05M","2.46%"
"05/05/2020","9,993.8","9,944.6","10,043.1","9,944.6","2.29M","0.00%"
"05/04/2020","9,993.8","10,092.3","10,092.3","9,895.4","2.43M","-0.98%"
"04/29/2020","10,092.3","9,993.8","10,092.3","9,944.6","2.43M","0.99%"
"04/28/2020","9,993.8","9,895.4","10,043.1","9,846.2","2.53M","0.99%"
"04/27/2020","9,895.4","9,993.8","10,141.5","9,846.2","3.67M","-0.98%"
"04/24/2020","9,993.8","9,944.6","10,043.1","9,846.2","2.57M","0.00%"
"04/23/2020","9,993.8","10,092.3","10,240.0","9,993.8","4.22M","-0.49%"
"04/22/2020","10,043.1","9,747.7","10,043.1","9,550.8","5.36M","3.03%"
"04/21/2020","9,747.7","10,141.5","10,141.5","9,698.5","12.22M","-4.35%"
"04/20/2020","10,190.8","10,436.9","10,436.9","10,141.5","6.22M","-1.43%"
"04/17/2020","10,338.5","10,092.3","10,387.7","10,092.3","9.77M","2.94%"
"04/16/2020","10,043.1","9,944.6","10,043.1","9,895.4","3.85M","0.99%"
"04/15/2020","9,944.6","9,846.2","10,190.8","9,846.2","7.49M","1.00%"
"04/14/2020","9,846.2","9,846.2","9,944.6","9,698.5","6.43M","0.00%"
"04/13/2020","9,846.2","8,812.3","10,043.1","8,812.3","3.91M","1.01%"
"04/10/2020","9,747.7","9,353.8","9,944.6","9,353.8","5.11M","-1.00%"
"04/09/2020","9,846.2","10,929.2","10,929.2","9,846.2","8.27M","-0.99%"
"04/08/2020","9,944.6","10,978.5","10,978.5","9,698.5","4.74M","-0.49%"
"04/07/2020","9,993.8","10,338.5","10,338.5","9,846.2","9.07M","-1.46%"
"04/06/2020","10,141.5","9,550.8","10,240.0","9,403.1","11.69M","7.85%"
"04/03/2020","9,403.1","8,910.8","9,550.8","8,910.8","7.26M","2.69%"
"04/01/2020","9,156.9","7,926.2","9,353.8","7,926.2","5.61M","4.49%"
"03/31/2020","8,763.1","8,960.0","9,255.4","8,566.2","9.21M","-2.20%"
"03/30/2020","8,960.0","9,600.0","9,600.0","8,812.3","12.04M","-7.61%"
"03/27/2020","9,698.5","9,698.5","9,895.4","9,600.0","8.09M","0.00%"
"03/26/2020","9,698.5","10,141.5","10,141.5","9,698.5","7.38M","-3.90%"
"03/25/2020","10,092.3","9,846.2","10,240.0","9,846.2","8.36M","4.59%"
"03/24/2020","9,649.2","9,403.1","9,796.9","9,403.1","8.77M","1.55%"
"03/23/2020","9,501.5","10,436.9","10,535.4","9,501.5","20.36M","-9.81%"
"03/20/2020","10,535.4","11,421.5","11,421.5","10,338.5","6.79M","1.42%"
"03/19/2020","10,387.7","10,338.5","10,486.2","10,190.8","8.30M","-0.47%"
"03/18/2020","10,436.9","10,486.2","10,633.8","10,289.2","10.04M","0.47%"
"03/17/2020","10,387.7","10,240.0","10,535.4","9,895.4","13.34M","0.96%"
"03/16/2020","10,289.2","10,830.8","10,978.5","10,190.8","9.37M","-5.00%"
"03/13/2020","10,830.8","10,584.6","11,076.9","10,092.3","18.32M","-0.45%"
"03/12/2020","10,880.0","11,323.1","11,323.1","10,584.6","22.51M","-5.56%"
"03/11/2020","11,520.0","11,963.1","12,012.3","11,323.1","15.93M","-3.31%"
"03/10/2020","11,913.8","11,323.1","12,209.2","11,273.8","15.40M","3.86%"
"03/09/2020","11,470.8","12,160.0","12,160.0","11,323.1","34.08M","-7.91%"
"03/06/2020","12,455.4","12,553.8","12,553.8","12,356.9","8.04M","-1.17%"
"03/05/2020","12,603.1","12,800.0","12,996.9","12,504.6","12.12M","-0.77%"
"03/04/2020","12,701.5","12,603.1","12,701.5","12,455.4","10.25M","0.78%"
"03/03/2020","12,603.1","12,603.1","12,750.8","12,455.4","12.93M","1.59%"
"03/02/2020","12,406.2","12,012.3","12,553.8","12,012.3","7.37M","0.00%"
"02/28/2020","12,406.2","11,323.1","12,455.4","11,323.1","12.11M","-1.18%"
"02/27/2020","12,553.8","11,913.8","12,553.8","11,913.8","10.79M","3.66%"
"02/26/2020","12,110.8","12,307.7","12,356.9","11,963.1","9.18M","-1.99%"
"02/25/2020","12,356.9","11,569.2","12,356.9","11,372.3","16.82M","4.58%"
"02/24/2020","11,815.4","12,553.8","12,603.1","11,716.9","20.96M","-6.61%"
"02/21/2020","12,652.3","12,258.5","13,095.4","12,258.5","12.87M","-2.65%"
"02/20/2020","12,996.9","12,947.7","13,292.3","12,849.2","11.33M","0.38%"
"02/19/2020","12,947.7","13,046.2","13,144.6","12,750.8","10.34M","-1.13%"
"02/18/2020","13,095.4","12,996.9","13,341.5","12,947.7","12.78M","0.76%"
"02/17/2020","12,996.9","12,947.7","13,144.6","12,800.0","7.65M","0.00%"
"02/14/2020","12,996.9","12,553.8","13,193.9","12,553.8","16.29M","3.53%"
"02/13/2020","12,553.8","12,603.1","12,652.3","12,356.9","7.66M","-0.39%"
"02/12/2020","12,603.1","11,716.9","12,652.3","11,716.9","21.36M","8.02%"
"02/11/2020","11,667.7","11,618.5","11,716.9","11,569.2","3.78M","0.42%"
"02/10/2020","11,618.5","11,716.9","11,766.2","11,520.0","2.58M","-0.84%"
"02/07/2020","11,716.9","11,815.4","11,864.6","11,618.5","4.08M","-0.83%"
"02/06/2020","11,815.4","11,372.3","11,815.4","11,323.1","6.06M","4.35%"
"02/05/2020","11,323.1","11,520.0","11,569.2","11,273.8","5.67M","-0.86%"
"02/04/2020","11,421.5","11,273.8","11,421.5","11,076.9","4.87M","2.65%"
"02/03/2020","11,126.2","10,978.5","11,323.1","10,683.1","9.00M","-1.74%"
"01/31/2020","11,323.1","11,569.2","11,716.9","11,273.8","8.62M","-2.54%"
"01/30/2020","11,618.5","11,913.8","11,963.1","11,421.5","8.63M","-3.67%"
"01/22/2020","12,061.5","12,110.8","12,110.8","11,963.1","3.20M","0.00%"
"01/21/2020","12,061.5","12,061.5","12,160.0","11,963.1","3.61M","0.82%"
"01/20/2020","11,963.1","11,716.9","12,160.0","11,716.9","9.03M","2.10%"
"01/17/2020","11,716.9","11,815.4","11,864.6","11,667.7","5.50M","-0.42%"
"01/16/2020","11,766.2","11,470.8","11,815.4","11,470.8","5.73M","2.58%"
"01/15/2020","11,470.8","11,569.2","11,569.2","11,421.5","2.35M","-0.85%"
"01/14/2020","11,569.2","11,273.8","11,569.2","11,273.8","5.79M","2.62%"
"01/13/2020","11,273.8","11,273.8","11,273.8","11,175.4","3.09M","0.88%"
"01/10/2020","11,175.4","11,076.9","11,372.3","11,076.9","4.82M","1.34%"
"01/09/2020","11,027.7","10,929.2","11,126.2","10,929.2","2.89M","1.36%"
"01/08/2020","10,880.0","11,076.9","11,076.9","10,830.8","4.68M","-1.78%"
"01/07/2020","11,076.9","11,076.9","11,175.4","11,076.9","2.13M","0.00%"
"01/06/2020","11,076.9","11,323.1","11,323.1","11,076.9","2.61M","-2.17%"
"01/03/2020","11,323.1","11,323.1","11,421.5","11,273.8","2.14M","0.00%"
"01/02/2020","11,323.1","11,224.6","11,323.1","11,175.4","2.36M","0.88%"
"12/31/2019","11,224.6","11,175.4","11,273.8","11,076.9","3.35M","0.44%"
"12/30/2019","11,175.4","11,175.4","11,273.8","11,126.2","2.78M","0.00%"
"12/27/2019","11,175.4","11,126.2","11,175.4","11,076.9","1.84M","0.44%"
"12/26/2019","11,126.2","11,224.6","11,224.6","11,126.2","1.82M","-1.31%"
"12/25/2019","11,273.8","11,224.6","11,273.8","11,126.2","2.28M","0.88%"
"12/24/2019","11,175.4","11,273.8","11,273.8","11,175.4","1.67M","-0.44%"
"12/23/2019","11,224.6","11,175.4","11,323.1","11,175.4","3.63M","0.44%"
"12/20/2019","11,175.4","11,126.2","11,175.4","11,076.9","2.12M","0.89%"
"12/19/2019","11,076.9","11,126.2","11,126.2","11,027.7","1.27M","0.00%"
"12/18/2019","11,076.9","11,175.4","11,224.6","11,076.9","2.30M","-1.32%"
"12/17/2019","11,224.6","11,323.1","11,323.1","11,224.6","1.91M","-0.87%"
"12/16/2019","11,323.1","11,421.5","11,421.5","11,323.1","1.93M","-0.86%"
"12/13/2019","11,421.5","11,323.1","11,470.8","11,323.1","2.94M","0.87%"
"12/12/2019","11,323.1","11,273.8","11,372.3","11,273.8","1.33M","0.44%"
"12/11/2019","11,273.8","11,224.6","11,273.8","11,126.2","1.60M","0.44%"
"12/10/2019","11,224.6","11,273.8","11,323.1","11,126.2","1.17M","-0.44%"
"12/09/2019","11,273.8","11,323.1","11,323.1","11,175.4","1.65M","-0.44%"
"12/06/2019","11,323.1","11,323.1","11,372.3","11,273.8","1.42M","0.00%"
"12/05/2019","11,323.1","11,421.5","11,421.5","11,273.8","2.52M","-0.43%"
"12/04/2019","11,372.3","11,175.4","11,372.3","11,076.9","2.67M","2.21%"
"12/03/2019","11,126.2","11,175.4","11,273.8","11,027.7","2.89M","0.00%"
"12/02/2019","11,126.2","11,372.3","11,421.5","11,076.9","3.33M","-2.16%"
"11/29/2019","11,372.3","11,273.8","11,372.3","11,224.6","1.63M","0.87%"
"11/28/2019","11,273.8","11,470.8","11,470.8","11,224.6","3.43M","-1.29%"
"11/27/2019","11,421.5","11,618.5","11,667.7","11,421.5","1.94M","-1.70%"
"11/26/2019","11,618.5","11,569.2","11,667.7","11,569.2","1.17M","0.86%"
"11/25/2019","11,520.0","11,470.8","11,618.5","11,421.5","3.96M","0.86%"
"11/22/2019","11,421.5","11,815.4","11,815.4","11,372.3","6.83M","-3.33%"
"11/21/2019","11,815.4","10,830.8","11,864.6","10,830.8","3.62M","0.42%"
"11/20/2019","11,766.2","11,963.1","11,963.1","11,766.2","2.76M","-1.24%"
"11/19/2019","11,913.8","11,864.6","11,913.8","11,815.4","2.84M","0.41%"
"11/18/2019","11,864.6","12,012.3","12,061.5","11,815.4","5.61M","-1.23%"
"11/15/2019","12,012.3","12,012.3","12,110.8","12,012.3","3.36M","-0.41%"
"11/14/2019","12,061.5","12,307.7","12,356.9","12,061.5","4.65M","-2.00%"
"11/13/2019","12,307.7","12,160.0","12,455.4","12,160.0","7.26M","1.21%"
"11/12/2019","12,160.0","12,160.0","12,160.0","12,061.5","3.20M","0.00%"
"11/11/2019","12,160.0","12,209.2","12,258.5","12,160.0","3.49M","-0.40%"
"11/08/2019","12,209.2","12,258.5","12,356.9","12,110.8","7.97M","0.81%"
"11/07/2019","12,110.8","12,110.8","12,160.0","12,061.5","4.27M","0.00%"
"11/06/2019","12,110.8","12,209.2","12,209.2","12,061.5","5.09M","0.00%"
"11/05/2019","12,110.8","12,160.0","12,258.5","12,110.8","7.27M","0.00%"
"11/04/2019","12,110.8","11,913.8","12,160.0","11,913.8","8.00M","1.65%"
"11/01/2019","11,913.8","11,667.7","11,963.1","11,667.7","3.87M","0.41%"
"10/31/2019","11,864.6","11,963.1","12,012.3","11,864.6","2.63M","-0.82%"
"10/30/2019","11,963.1","11,716.9","12,012.3","11,618.5","15.09M","2.53%"
"10/29/2019","11,667.7","11,716.9","11,766.2","11,618.5","3.46M","0.00%"
"10/28/2019","11,667.7","11,618.5","11,766.2","11,618.5","2.21M","0.42%"
"10/25/2019","11,618.5","11,618.5","11,618.5","11,520.0","2.25M","0.00%"
"10/24/2019","11,618.5","11,618.5","11,618.5","11,520.0","1.87M","0.43%"
"10/23/2019","11,569.2","11,569.2","11,667.7","11,569.2","2.00M","0.00%"
"10/22/2019","11,569.2","11,520.0","11,569.2","11,470.8","3.37M","0.43%"
"10/21/2019","11,520.0","11,815.4","11,913.8","11,520.0","5.57M","-2.90%"
"10/18/2019","11,864.6","12,061.5","12,061.5","11,815.4","3.79M","-1.23%"
"10/17/2019","12,012.3","11,963.1","12,012.3","11,864.6","3.89M","0.00%"
"10/16/2019","12,012.3","12,061.5","12,110.8","12,012.3","4.21M","0.00%"
"10/15/2019","12,012.3","12,061.5","12,110.8","11,963.1","4.73M","-0.41%"
"10/14/2019","12,061.5","11,815.4","12,061.5","11,815.4","7.19M","2.08%"
"10/11/2019","11,815.4","11,815.4","11,913.8","11,766.2","3.10M","0.00%"
"10/10/2019","11,815.4","11,667.7","11,963.1","11,667.7","9.87M","1.27%"
"10/09/2019","11,667.7","11,520.0","11,667.7","11,470.8","3.48M","1.72%"
"10/08/2019","11,470.8","11,421.5","11,520.0","11,372.3","2.36M","0.43%"
"10/07/2019","11,421.5","11,618.5","11,618.5","11,421.5","3.92M","-1.70%"
"10/04/2019","11,618.5","11,618.5","11,716.9","11,569.2","3.21M","0.00%"
"10/03/2019","11,618.5","11,569.2","11,618.5","11,470.8","3.77M","0.00%"
"10/02/2019","11,618.5","11,569.2","11,716.9","11,569.2","4.39M","-0.42%"
"10/01/2019","11,667.7","11,520.0","11,667.7","11,470.8","3.75M","1.28%"
"09/30/2019","11,520.0","11,470.8","11,618.5","11,421.5","4.68M","0.86%"
"09/27/2019","11,421.5","12,307.7","12,307.7","11,421.5","4.39M","-0.43%"
"09/26/2019","11,470.8","11,323.1","11,470.8","11,273.8","4.71M","1.30%"
"09/25/2019","11,323.1","11,372.3","11,421.5","11,273.8","3.09M","-0.86%"
"09/24/2019","11,421.5","11,470.8","11,520.0","11,372.3","2.69M","-0.43%"
"09/23/2019","11,470.8","11,421.5","11,618.5","11,372.3","5.85M","0.43%"
"09/20/2019","11,421.5","11,569.2","12,504.6","11,372.3","5.15M","0.43%"
"09/19/2019","11,372.3","11,027.7","11,421.5","10,978.5","6.95M","3.12%"
"09/18/2019","11,027.7","10,978.5","11,126.2","10,929.2","3.13M","0.45%"
"09/17/2019","10,978.5","11,027.7","11,027.7","10,880.0","2.42M","-0.45%"
"09/16/2019","11,027.7","11,126.2","11,175.4","10,978.5","2.52M","-0.89%"
"09/13/2019","11,126.2","10,978.5","11,126.2","10,880.0","2.69M","1.80%"
"09/12/2019","10,929.2","10,781.5","10,929.2","10,732.3","1.26M","1.83%"
"09/11/2019","10,732.3","10,683.1","10,732.3","10,633.8","873.21K","0.46%"
"09/10/2019","10,683.1","10,781.5","10,781.5","10,633.8","1.67M","-0.91%"
"09/09/2019","10,781.5","10,732.3","10,830.8","10,683.1","750.57K","0.00%"
"09/06/2019","10,781.5","10,830.8","10,880.0","10,683.1","1.05M","-0.46%"
"09/05/2019","10,830.8","10,880.0","10,880.0","10,781.5","1.27M","0.00%"
"09/04/2019","10,830.8","10,880.0","10,880.0","10,732.3","742.06K","-0.45%"
"09/03/2019","10,880.0","10,929.2","11,027.7","10,781.5","984.95K","-0.45%"
"08/30/2019","10,929.2","10,978.5","11,076.9","10,880.0","1.11M","0.45%"
"08/29/2019","10,880.0","10,978.5","11,027.7","10,830.8","1.29M","-0.45%"
"08/28/2019","10,929.2","11,027.7","11,076.9","10,929.2","1.04M","-1.33%"
"08/27/2019","11,076.9","11,027.7","11,126.2","10,978.5","2.06M","0.00%"
"08/26/2019","11,076.9","11,076.9","11,076.9","10,880.0","2.06M","-0.44%"
"08/23/2019","11,126.2","11,175.4","11,224.6","11,027.7","1.66M","-0.44%"
"08/22/2019","11,175.4","11,076.9","11,224.6","11,027.7","3.36M","1.79%"
"08/21/2019","10,978.5","10,929.2","11,027.7","10,880.0","5.67M","0.45%"
"08/20/2019","10,929.2","10,880.0","10,978.5","10,880.0","2.68M","0.91%"
"08/19/2019","10,830.8","10,830.8","10,978.5","10,781.5","2.46M","0.46%"
"08/16/2019","10,781.5","10,781.5","10,880.0","10,584.6","3.12M","0.92%"
"08/15/2019","10,683.1","10,683.1","10,683.1","10,486.2","2.99M","0.00%"
"08/14/2019","10,683.1","10,830.8","10,929.2","10,683.1","1.84M","-0.91%"
"08/13/2019","10,781.5","10,781.5","10,830.8","10,633.8","1.17M","-0.46%"
"08/12/2019","10,830.8","10,830.8","10,830.8","10,732.3","1.17M","0.46%"
"08/09/2019","10,781.5","10,535.4","10,978.5","10,535.4","1.47M","-0.46%"
"08/08/2019","10,830.8","10,141.5","10,830.8","9,846.2","2.17M","1.85%"
"08/07/2019","10,633.8","10,732.3","10,830.8","10,633.8","2.10M","-0.46%"
"08/06/2019","10,683.1","10,092.3","10,781.5","10,092.3","3.70M","-1.36%"
"08/05/2019","10,830.8","10,978.5","10,978.5","10,732.3","5.16M","-1.35%"
"08/02/2019","10,978.5","11,076.9","11,126.2","10,830.8","3.60M","-0.89%"
"08/01/2019","11,076.9","11,175.4","11,323.1","11,027.7","3.87M","-1.32%"
"07/31/2019","11,224.6","11,372.3","11,372.3","11,175.4","1.82M","-0.44%"
"07/30/2019","11,273.8","11,224.6","11,470.8","11,224.6","2.23M","-0.44%"
"07/29/2019","11,323.1","11,421.5","11,520.0","11,273.8","2.56M","-1.71%"
"07/26/2019","11,520.0","11,716.9","11,716.9","11,470.8","2.14M","-1.27%"
"07/25/2019","11,667.7","11,716.9","11,864.6","11,667.7","4.26M","0.36%"
"07/24/2019","11,626.0","11,663.9","11,777.5","11,474.6","10.46M","-0.32%"
"07/23/2019","11,663.9","11,739.7","11,777.5","11,626.0","5.15M","-0.65%"
"07/22/2019","11,739.7","12,989.4","12,989.4","11,626.0","5.03M","-0.64%"
"07/19/2019","11,815.4","12,118.4","12,118.4","11,663.9","7.60M","1.30%"
"07/18/2019","11,663.9","11,512.4","11,663.9","11,436.7","4.23M","0.33%"
"07/17/2019","11,626.0","11,436.7","11,701.8","11,436.7","6.62M","1.66%"
"07/16/2019","11,436.7","11,361.0","11,512.4","11,361.0","3.16M","0.67%"
"07/15/2019","11,361.0","11,398.8","11,436.7","11,323.1","2.46M","-0.33%"
"07/12/2019","11,398.8","11,474.6","11,512.4","11,361.0","2.35M","-0.33%"
"07/11/2019","11,436.7","11,209.5","11,512.4","11,209.5","5.50M","2.03%"
"07/10/2019","11,209.5","11,285.2","11,361.0","11,209.5","2.96M","-0.67%"
"07/09/2019","11,285.2","10,982.3","11,285.2","10,982.3","7.34M","2.76%"
"07/08/2019","10,982.3","11,058.0","11,133.7","10,944.4","1.13M","-0.68%"
"07/05/2019","11,058.0","11,095.9","11,133.7","11,020.1","2.11M","0.00%"
"07/04/2019","11,058.0","10,944.4","11,095.9","10,944.4","2.44M","1.39%"
"07/03/2019","10,906.5","10,982.3","11,020.1","10,868.6","1.70M","-0.35%"
"07/02/2019","10,944.4","11,058.0","11,058.0","10,944.4","1.03M","-1.03%"
"07/01/2019","11,058.0","11,133.7","11,133.7","10,982.3","1.69M","1.04%"
"06/28/2019","10,944.4","10,830.8","10,944.4","10,792.9","1.77M","1.05%"
"06/27/2019","10,830.8","10,982.3","11,020.1","10,830.8","2.31M","-1.38%"
"06/26/2019","10,982.3","10,982.3","11,058.0","10,982.3","1.03M","-0.68%"
"06/25/2019","11,058.0","11,171.6","11,209.5","10,982.3","3.52M","-1.02%"
"06/24/2019","11,171.6","11,171.6","11,247.3","11,133.7","3.75M","0.00%"
"06/21/2019","11,171.6","11,209.5","11,361.0","11,133.7","2.18M","-0.34%"
"06/20/2019","11,209.5","10,944.4","11,209.5","10,906.5","3.79M","2.42%"
"06/19/2019","10,944.4","10,944.4","11,020.1","10,906.5","1.34M","0.00%"
"06/18/2019","10,944.4","10,868.6","10,982.3","10,868.6","2.03M","0.70%"
"06/17/2019","10,868.6","10,868.6","10,944.4","10,830.8","2.37M","0.00%"
"06/14/2019","10,868.6","10,830.8","10,982.3","10,830.8","2.77M","0.35%"
"06/13/2019","10,830.8","10,792.9","10,868.6","10,792.9","2.24M","0.35%"
"06/12/2019","10,792.9","10,830.8","10,868.6","10,792.9","1.47M","-0.35%"
"06/11/2019","10,830.8","10,830.8","10,868.6","10,830.8","1.49M","0.00%"
"06/10/2019","10,830.8","10,868.6","10,944.4","10,830.8","1.22M","-0.35%"
"06/07/2019","10,868.6","10,792.9","10,906.5","10,792.9","744.89K","0.70%"
"06/06/2019","10,792.9","10,944.4","10,944.4","10,755.0","2.41M","-1.38%"
"06/05/2019","10,944.4","10,830.8","10,944.4","10,830.8","2.79M","1.05%"
"06/04/2019","10,830.8","10,868.6","10,982.3","10,830.8","2.30M","-0.35%"
"06/03/2019","10,868.6","10,868.6","10,982.3","10,830.8","3.04M","-1.04%"
"05/31/2019","10,982.3","10,982.3","11,020.1","10,868.6","2.71M","-0.34%"
"05/30/2019","11,020.1","11,020.1","11,058.0","10,982.3","1.92M","-0.34%"
"05/29/2019","11,058.0","10,944.4","11,058.0","10,868.6","2.86M","1.04%"
"05/28/2019","10,944.4","10,982.3","11,058.0","10,944.4","2.49M","-0.35%"
"05/27/2019","10,982.3","11,020.1","11,058.0","10,982.3","2.41M","-0.68%"
"05/24/2019","11,058.0","10,300.6","11,171.6","10,300.6","2.35M","-1.02%"
"05/23/2019","11,171.6","11,323.1","11,361.0","11,095.9","1.67M","-0.34%"
"05/22/2019","11,209.5","11,133.7","11,323.1","11,133.7","3.37M","0.68%"
"05/21/2019","11,133.7","11,133.7","11,247.3","11,095.9","3.66M","0.34%"
"05/20/2019","11,095.9","11,095.9","11,171.6","11,020.1","1.78M","0.34%"
"05/17/2019","11,058.0","11,095.9","11,133.7","11,058.0","2.25M","-0.34%"
"05/16/2019","11,095.9","11,209.5","11,209.5","11,058.0","3.87M","-0.68%"
"05/15/2019","11,171.6","11,020.1","11,247.3","11,020.1","3.41M","1.37%"
"05/14/2019","11,020.1","11,058.0","11,095.9","10,944.4","4.23M","-0.34%"
"05/13/2019","11,058.0","11,133.7","11,209.5","11,058.0","2.41M","-0.34%"
"05/10/2019","11,095.9","11,020.1","11,133.7","10,982.3","1.71M","0.69%"
"05/09/2019","11,020.1","11,133.7","11,171.6","11,020.1","1.59M","-1.36%"
"05/08/2019","11,171.6","11,095.9","11,209.5","11,020.1","2.69M","0.00%"
"05/07/2019","11,171.6","11,361.0","11,361.0","11,058.0","2.30M","0.34%"
"05/06/2019","11,133.7","11,361.0","11,361.0","11,133.7","3.65M","-2.00%"
"05/03/2019","11,361.0","11,285.2","11,361.0","11,285.2","2.94M","1.01%"
"05/02/2019","11,247.3","11,436.7","11,474.6","11,247.3","3.00M","-1.33%"
"04/26/2019","11,398.8","11,361.0","11,436.7","11,323.1","2.97M","0.33%"
"04/25/2019","11,361.0","11,398.8","11,512.4","11,323.1","1.97M","-0.33%"
"04/24/2019","11,398.8","11,247.3","11,436.7","11,171.6","2.81M","1.69%"
"04/23/2019","11,209.5","11,133.7","11,323.1","11,020.1","4.36M","1.02%"
"04/22/2019","11,095.9","11,247.3","11,247.3","11,020.1","3.60M","-1.01%"
"04/19/2019","11,209.5","11,285.2","11,323.1","11,209.5","1.58M","-0.34%"
"04/18/2019","11,247.3","11,095.9","11,361.0","11,095.9","2.69M","-0.67%"
"04/17/2019","11,323.1","11,398.8","11,474.6","11,323.1","1.82M","-0.33%"
"04/16/2019","11,361.0","11,436.7","11,436.7","11,285.2","3.51M","-0.66%"
"04/12/2019","11,436.7","11,436.7","11,474.6","11,361.0","2.78M","-0.33%"
"04/11/2019","11,474.6","11,588.2","11,588.2","11,398.8","2.39M","0.33%"
"04/10/2019","11,436.7","11,474.6","11,550.3","11,436.7","2.29M","-0.98%"
"04/09/2019","11,550.3","11,663.9","11,739.7","11,550.3","4.76M","-0.97%"
"04/08/2019","11,663.9","11,436.7","11,701.8","11,436.7","5.87M","1.99%"
"04/05/2019","11,436.7","11,436.7","11,512.4","11,398.8","2.03M","0.00%"
"04/04/2019","11,436.7","11,323.1","11,474.6","11,323.1","2.88M","0.33%"
"04/03/2019","11,398.8","11,550.3","11,550.3","11,323.1","3.68M","-0.66%"
"04/02/2019","11,474.6","11,550.3","11,626.0","11,474.6","3.13M","0.00%"
"04/01/2019","11,474.6","11,474.6","11,550.3","11,474.6","1.99M","0.00%"
"03/29/2019","11,474.6","11,474.6","11,550.3","11,436.7","5.06M","0.00%"
"03/28/2019","11,474.6","11,512.4","11,550.3","11,436.7","3.61M","-0.33%"
"03/27/2019","11,512.4","11,512.4","11,588.2","11,436.7","2.26M","0.33%"
"03/26/2019","11,474.6","11,436.7","11,512.4","11,398.8","4.07M","0.66%"
"03/25/2019","11,398.8","11,512.4","11,512.4","11,323.1","6.01M","-1.31%"
"03/22/2019","11,550.3","11,512.4","11,626.0","11,512.4","4.80M","0.33%"
"03/21/2019","11,512.4","11,739.7","11,891.1","11,512.4","7.76M","-1.94%"
"03/20/2019","11,739.7","11,891.1","11,891.1","11,626.0","8.30M","-0.96%"
"03/19/2019","11,853.3","12,118.4","12,118.4","11,815.4","7.47M","-1.88%"
"03/18/2019","12,080.5","12,042.6","12,194.1","12,004.7","9.88M","0.63%"
"03/15/2019","12,004.7","11,966.9","12,042.6","11,853.3","7.00M","0.63%"
"03/14/2019","11,929.0","11,891.1","12,118.4","11,853.3","6.16M","0.32%"
"03/13/2019","11,891.1","11,777.5","12,004.7","11,701.8","14.45M","1.62%"
"03/12/2019","11,701.8","11,550.3","11,701.8","11,474.6","6.61M","1.65%"
"03/11/2019","11,512.4","11,474.6","11,588.2","11,436.7","2.73M","0.33%"
"03/08/2019","11,474.6","11,512.4","11,588.2","11,436.7","3.74M","-0.66%"
"03/07/2019","11,550.3","11,512.4","11,626.0","11,474.6","8.72M","0.66%"
"03/06/2019","11,474.6","11,436.7","11,512.4","11,361.0","3.11M","0.00%"
"03/05/2019","11,474.6","11,512.4","11,626.0","11,398.8","6.51M","-0.33%"
"03/04/2019","11,512.4","11,361.0","11,550.3","11,323.1","8.24M","1.33%"
"03/01/2019","11,361.0","11,285.2","11,398.8","11,171.6","3.91M","1.01%"